"file","source","bytes","canvas_w","canvas_h","frame_count","frame","x_signed","y_signed","x_raw","y_raw","w","h","format","extra_9_11","rgb_12_15","unk_16_19","data_offset"
"bridge.tem","nested:temperat.mix","158344","180","180","36","0","16","3","0x0010","0x0003","148","91","3","000000","0x00060000","0x00000000","872"
"bridge.tem","nested:temperat.mix","158344","180","180","36","1","16","3","0x0010","0x0003","148","91","3","000000","0x00050000","0x00000000","5472"
"bridge.tem","nested:temperat.mix","158344","180","180","36","2","16","3","0x0010","0x0003","148","91","3","000000","0x00060000","0x00000000","10072"
"bridge.tem","nested:temperat.mix","158344","180","180","36","3","16","3","0x0010","0x0003","148","91","3","000000","0x00060000","0x00000000","14672"
"bridge.tem","nested:temperat.mix","158344","180","180","36","4","16","3","0x0010","0x0003","148","91","3","000000","0x00070000","0x00000000","19272"
"bridge.tem","nested:temperat.mix","158344","180","180","36","5","16","3","0x0010","0x0003","148","91","3","000000","0x00070000","0x00000000","23872"
"bridge.tem","nested:temperat.mix","158344","180","180","36","6","16","3","0x0010","0x0003","148","91","3","000000","0x00070000","0x00000000","28472"
"bridge.tem","nested:temperat.mix","158344","180","180","36","7","18","8","0x0012","0x0008","147","86","3","000000","0x00060000","0x00000000","33072"
"bridge.tem","nested:temperat.mix","158344","180","180","36","8","16","6","0x0010","0x0006","145","87","3","000000","0x00050000","0x00000000","37160"
"bridge.tem","nested:temperat.mix","158344","180","180","36","9","16","18","0x0010","0x0012","148","91","3","000000","0x00050000","0x00000000","43056"
"bridge.tem","nested:temperat.mix","158344","180","180","36","10","16","18","0x0010","0x0012","148","91","3","000000","0x00050000","0x00000000","47656"
"bridge.tem","nested:temperat.mix","158344","180","180","36","11","16","18","0x0010","0x0012","148","91","3","000000","0x00040000","0x00000000","52256"
"bridge.tem","nested:temperat.mix","158344","180","180","36","12","16","18","0x0010","0x0012","148","91","3","000000","0x00050000","0x00000000","56856"
"bridge.tem","nested:temperat.mix","158344","180","180","36","13","16","18","0x0010","0x0012","148","91","3","000000","0x00050000","0x00000000","61456"
"bridge.tem","nested:temperat.mix","158344","180","180","36","14","16","18","0x0010","0x0012","148","91","3","000000","0x00050000","0x00000000","66056"
"bridge.tem","nested:temperat.mix","158344","180","180","36","15","16","18","0x0010","0x0012","148","91","3","000000","0x00050000","0x00000000","70656"
"bridge.tem","nested:temperat.mix","158344","180","180","36","16","16","18","0x0010","0x0012","148","91","3","000000","0x00040000","0x00000000","75256"
"bridge.tem","nested:temperat.mix","158344","180","180","36","17","16","23","0x0010","0x0017","148","86","3","000000","0x00050000","0x00000000","81432"
"bridge.tem","nested:temperat.mix","158344","180","180","36","18","30","61","0x001E","0x003D","150","74","3","000000","0x00000000","0x00000000","85664"
"bridge.tem","nested:temperat.mix","158344","180","180","36","19","30","61","0x001E","0x003D","150","74","3","000000","0x00000000","0x00000000","89704"
"bridge.tem","nested:temperat.mix","158344","180","180","36","20","30","61","0x001E","0x003D","150","74","3","000000","0x00000000","0x00000000","93744"
"bridge.tem","nested:temperat.mix","158344","180","180","36","21","30","61","0x001E","0x003D","150","74","3","000000","0x00000000","0x00000000","97784"
"bridge.tem","nested:temperat.mix","158344","180","180","36","22","30","61","0x001E","0x003D","150","74","3","000000","0x00000000","0x00000000","101824"
"bridge.tem","nested:temperat.mix","158344","180","180","36","23","30","61","0x001E","0x003D","150","74","3","000000","0x00000000","0x00000000","105864"
"bridge.tem","nested:temperat.mix","158344","180","180","36","24","30","61","0x001E","0x003D","150","74","3","000000","0x00000000","0x00000000","109904"
"bridge.tem","nested:temperat.mix","158344","180","180","36","25","30","61","0x001E","0x003D","150","74","3","000000","0x00000000","0x00000000","113944"
"bridge.tem","nested:temperat.mix","158344","180","180","36","26","30","61","0x001E","0x003D","150","74","3","000000","0x00000000","0x00000000","117984"
"bridge.tem","nested:temperat.mix","158344","180","180","36","27","30","76","0x001E","0x004C","150","74","3","000000","0x00000000","0x00000000","122024"
"bridge.tem","nested:temperat.mix","158344","180","180","36","28","30","76","0x001E","0x004C","150","74","3","000000","0x00000000","0x00000000","126064"
"bridge.tem","nested:temperat.mix","158344","180","180","36","29","30","76","0x001E","0x004C","150","74","3","000000","0x00000000","0x00000000","130104"
"bridge.tem","nested:temperat.mix","158344","180","180","36","30","30","76","0x001E","0x004C","150","74","3","000000","0x00000000","0x00000000","134144"
"bridge.tem","nested:temperat.mix","158344","180","180","36","31","30","76","0x001E","0x004C","150","74","3","000000","0x00000000","0x00000000","138184"
"bridge.tem","nested:temperat.mix","158344","180","180","36","32","30","76","0x001E","0x004C","150","74","3","000000","0x00000000","0x00000000","142224"
"bridge.tem","nested:temperat.mix","158344","180","180","36","33","30","76","0x001E","0x004C","150","74","3","000000","0x00000000","0x00000000","146264"
"bridge.tem","nested:temperat.mix","158344","180","180","36","34","30","76","0x001E","0x004C","150","74","3","000000","0x00000000","0x00000000","150304"
"bridge.tem","nested:temperat.mix","158344","180","180","36","35","30","76","0x001E","0x004C","150","74","3","000000","0x00000000","0x00000000","154304"
"bridge.sno","nested:snow.mix","158400","180","180","36","0","16","3","0x0010","0x0003","148","91","3","000000","0x00090000","0x00000000","872"
"bridge.sno","nested:snow.mix","158400","180","180","36","1","16","3","0x0010","0x0003","148","91","3","000000","0x00090000","0x00000000","5472"
"bridge.sno","nested:snow.mix","158400","180","180","36","2","16","3","0x0010","0x0003","148","91","3","000000","0x00090000","0x00000000","10072"
"bridge.sno","nested:snow.mix","158400","180","180","36","3","16","3","0x0010","0x0003","148","91","3","000000","0x00090000","0x00000000","14672"
"bridge.sno","nested:snow.mix","158400","180","180","36","4","16","3","0x0010","0x0003","148","91","3","000000","0x00080000","0x00000000","19272"
"bridge.sno","nested:snow.mix","158400","180","180","36","5","16","3","0x0010","0x0003","148","91","3","000000","0x00080000","0x00000000","23872"
"bridge.sno","nested:snow.mix","158400","180","180","36","6","16","3","0x0010","0x0003","148","91","3","000000","0x00070000","0x00000000","28472"
"bridge.sno","nested:snow.mix","158400","180","180","36","7","18","8","0x0012","0x0008","147","86","3","000000","0x00070000","0x00000000","33072"
"bridge.sno","nested:snow.mix","158400","180","180","36","8","16","6","0x0010","0x0006","145","87","3","000000","0x00080000","0x00000000","37160"
"bridge.sno","nested:snow.mix","158400","180","180","36","9","16","18","0x0010","0x0012","148","91","3","000000","0x000A0000","0x00000000","43056"
"bridge.sno","nested:snow.mix","158400","180","180","36","10","16","18","0x0010","0x0012","148","91","3","000000","0x00090000","0x00000000","47656"
"bridge.sno","nested:snow.mix","158400","180","180","36","11","16","18","0x0010","0x0012","148","91","3","000000","0x00090000","0x00000000","52256"
"bridge.sno","nested:snow.mix","158400","180","180","36","12","16","18","0x0010","0x0012","148","91","3","000000","0x00090000","0x00000000","56856"
"bridge.sno","nested:snow.mix","158400","180","180","36","13","16","18","0x0010","0x0012","148","91","3","000000","0x00080000","0x00000000","61456"
"bridge.sno","nested:snow.mix","158400","180","180","36","14","16","18","0x0010","0x0012","148","91","3","000000","0x00080000","0x00000000","66056"
"bridge.sno","nested:snow.mix","158400","180","180","36","15","16","18","0x0010","0x0012","148","91","3","000000","0x00070000","0x00000000","70656"
"bridge.sno","nested:snow.mix","158400","180","180","36","16","16","18","0x0010","0x0012","148","91","3","000000","0x00080000","0x00000000","75256"
"bridge.sno","nested:snow.mix","158400","180","180","36","17","16","23","0x0010","0x0017","148","86","3","000000","0x000B0000","0x00000000","81488"
"bridge.sno","nested:snow.mix","158400","180","180","36","18","30","61","0x001E","0x003D","150","74","3","000000","0x00000000","0x00000000","85720"
"bridge.sno","nested:snow.mix","158400","180","180","36","19","30","61","0x001E","0x003D","150","74","3","000000","0x00000000","0x00000000","89760"
"bridge.sno","nested:snow.mix","158400","180","180","36","20","30","61","0x001E","0x003D","150","74","3","000000","0x00000000","0x00000000","93800"
"bridge.sno","nested:snow.mix","158400","180","180","36","21","30","61","0x001E","0x003D","150","74","3","000000","0x00000000","0x00000000","97840"
"bridge.sno","nested:snow.mix","158400","180","180","36","22","30","61","0x001E","0x003D","150","74","3","000000","0x00000000","0x00000000","101880"
"bridge.sno","nested:snow.mix","158400","180","180","36","23","30","61","0x001E","0x003D","150","74","3","000000","0x00000000","0x00000000","105920"
"bridge.sno","nested:snow.mix","158400","180","180","36","24","30","61","0x001E","0x003D","150","74","3","000000","0x00000000","0x00000000","109960"
"bridge.sno","nested:snow.mix","158400","180","180","36","25","30","61","0x001E","0x003D","150","74","3","000000","0x00000000","0x00000000","114000"
"bridge.sno","nested:snow.mix","158400","180","180","36","26","30","61","0x001E","0x003D","150","74","3","000000","0x00000000","0x00000000","118040"
"bridge.sno","nested:snow.mix","158400","180","180","36","27","30","76","0x001E","0x004C","150","74","3","000000","0x00000000","0x00000000","122080"
"bridge.sno","nested:snow.mix","158400","180","180","36","28","30","76","0x001E","0x004C","150","74","3","000000","0x00000000","0x00000000","126120"
"bridge.sno","nested:snow.mix","158400","180","180","36","29","30","76","0x001E","0x004C","150","74","3","000000","0x00000000","0x00000000","130160"
"bridge.sno","nested:snow.mix","158400","180","180","36","30","30","76","0x001E","0x004C","150","74","3","000000","0x00000000","0x00000000","134200"
"bridge.sno","nested:snow.mix","158400","180","180","36","31","30","76","0x001E","0x004C","150","74","3","000000","0x00000000","0x00000000","138240"
"bridge.sno","nested:snow.mix","158400","180","180","36","32","30","76","0x001E","0x004C","150","74","3","000000","0x00000000","0x00000000","142280"
"bridge.sno","nested:snow.mix","158400","180","180","36","33","30","76","0x001E","0x004C","150","74","3","000000","0x00000000","0x00000000","146320"
"bridge.sno","nested:snow.mix","158400","180","180","36","34","30","76","0x001E","0x004C","150","74","3","000000","0x00000000","0x00000000","150360"
"bridge.sno","nested:snow.mix","158400","180","180","36","35","30","76","0x001E","0x004C","150","74","3","000000","0x00000000","0x00000000","154360"
"bridge.urb","nested:urban.mix","158344","180","180","36","0","16","3","0x0010","0x0003","148","91","3","000000","0x00210000","0x00000000","872"
"bridge.urb","nested:urban.mix","158344","180","180","36","1","16","3","0x0010","0x0003","148","91","3","000000","0x00220000","0x00000000","5472"
"bridge.urb","nested:urban.mix","158344","180","180","36","2","16","3","0x0010","0x0003","148","91","3","000000","0x00230000","0x00000000","10072"
"bridge.urb","nested:urban.mix","158344","180","180","36","3","16","3","0x0010","0x0003","148","91","3","000000","0x00240000","0x00000000","14672"
"bridge.urb","nested:urban.mix","158344","180","180","36","4","16","3","0x0010","0x0003","148","91","3","000000","0x00220000","0x00000000","19272"
"bridge.urb","nested:urban.mix","158344","180","180","36","5","16","3","0x0010","0x0003","148","91","3","000000","0x00230000","0x00000000","23872"
"bridge.urb","nested:urban.mix","158344","180","180","36","6","16","3","0x0010","0x0003","148","91","3","000000","0x00270000","0x00000000","28472"
"bridge.urb","nested:urban.mix","158344","180","180","36","7","18","8","0x0012","0x0008","147","86","3","000000","0x00250000","0x00000000","33072"
"bridge.urb","nested:urban.mix","158344","180","180","36","8","16","6","0x0010","0x0006","145","87","3","000000","0x002B0000","0x00000000","37160"
"bridge.urb","nested:urban.mix","158344","180","180","36","9","16","18","0x0010","0x0012","148","91","3","000000","0x00250000","0x00000000","43056"
"bridge.urb","nested:urban.mix","158344","180","180","36","10","16","18","0x0010","0x0012","148","91","3","000000","0x00250000","0x00000000","47656"
"bridge.urb","nested:urban.mix","158344","180","180","36","11","16","18","0x0010","0x0012","148","91","3","000000","0x00260000","0x00000000","52256"
"bridge.urb","nested:urban.mix","158344","180","180","36","12","16","18","0x0010","0x0012","148","91","3","000000","0x00250000","0x00000000","56856"
"bridge.urb","nested:urban.mix","158344","180","180","36","13","16","18","0x0010","0x0012","148","91","3","000000","0x00280000","0x00000000","61456"
"bridge.urb","nested:urban.mix","158344","180","180","36","14","16","18","0x0010","0x0012","148","91","3","000000","0x00270000","0x00000000","66056"
"bridge.urb","nested:urban.mix","158344","180","180","36","15","16","18","0x0010","0x0012","148","91","3","000000","0x002B0000","0x00000000","70656"
"bridge.urb","nested:urban.mix","158344","180","180","36","16","16","18","0x0010","0x0012","148","91","3","000000","0x002A0000","0x00000000","75256"
"bridge.urb","nested:urban.mix","158344","180","180","36","17","16","23","0x0010","0x0017","148","86","3","000000","0x00270000","0x00000000","81432"
"bridge.urb","nested:urban.mix","158344","180","180","36","18","30","61","0x001E","0x003D","150","74","3","000000","0x00000000","0x00000000","85664"
"bridge.urb","nested:urban.mix","158344","180","180","36","19","30","61","0x001E","0x003D","150","74","3","000000","0x00000000","0x00000000","89704"
"bridge.urb","nested:urban.mix","158344","180","180","36","20","30","61","0x001E","0x003D","150","74","3","000000","0x00000000","0x00000000","93744"
"bridge.urb","nested:urban.mix","158344","180","180","36","21","30","61","0x001E","0x003D","150","74","3","000000","0x00000000","0x00000000","97784"
"bridge.urb","nested:urban.mix","158344","180","180","36","22","30","61","0x001E","0x003D","150","74","3","000000","0x00000000","0x00000000","101824"
"bridge.urb","nested:urban.mix","158344","180","180","36","23","30","61","0x001E","0x003D","150","74","3","000000","0x00000000","0x00000000","105864"
"bridge.urb","nested:urban.mix","158344","180","180","36","24","30","61","0x001E","0x003D","150","74","3","000000","0x00000000","0x00000000","109904"
"bridge.urb","nested:urban.mix","158344","180","180","36","25","30","61","0x001E","0x003D","150","74","3","000000","0x00000000","0x00000000","113944"
"bridge.urb","nested:urban.mix","158344","180","180","36","26","30","61","0x001E","0x003D","150","74","3","000000","0x00000000","0x00000000","117984"
"bridge.urb","nested:urban.mix","158344","180","180","36","27","30","76","0x001E","0x004C","150","74","3","000000","0x00000000","0x00000000","122024"
"bridge.urb","nested:urban.mix","158344","180","180","36","28","30","76","0x001E","0x004C","150","74","3","000000","0x00000000","0x00000000","126064"
"bridge.urb","nested:urban.mix","158344","180","180","36","29","30","76","0x001E","0x004C","150","74","3","000000","0x00000000","0x00000000","130104"
"bridge.urb","nested:urban.mix","158344","180","180","36","30","30","76","0x001E","0x004C","150","74","3","000000","0x00000000","0x00000000","134144"
"bridge.urb","nested:urban.mix","158344","180","180","36","31","30","76","0x001E","0x004C","150","74","3","000000","0x00000000","0x00000000","138184"
"bridge.urb","nested:urban.mix","158344","180","180","36","32","30","76","0x001E","0x004C","150","74","3","000000","0x00000000","0x00000000","142224"
"bridge.urb","nested:urban.mix","158344","180","180","36","33","30","76","0x001E","0x004C","150","74","3","000000","0x00000000","0x00000000","146264"
"bridge.urb","nested:urban.mix","158344","180","180","36","34","30","76","0x001E","0x004C","150","74","3","000000","0x00000000","0x00000000","150304"
"bridge.urb","nested:urban.mix","158344","180","180","36","35","30","76","0x001E","0x004C","150","74","3","000000","0x00000000","0x00000000","154304"
"bridge.des","nested:desert.mix","158344","180","180","36","0","16","3","0x0010","0x0003","148","91","3","000000","0x00060000","0x00000000","872"
"bridge.des","nested:desert.mix","158344","180","180","36","1","16","3","0x0010","0x0003","148","91","3","000000","0x00050000","0x00000000","5472"
"bridge.des","nested:desert.mix","158344","180","180","36","2","16","3","0x0010","0x0003","148","91","3","000000","0x00060000","0x00000000","10072"
"bridge.des","nested:desert.mix","158344","180","180","36","3","16","3","0x0010","0x0003","148","91","3","000000","0x00060000","0x00000000","14672"
"bridge.des","nested:desert.mix","158344","180","180","36","4","16","3","0x0010","0x0003","148","91","3","000000","0x00070000","0x00000000","19272"
"bridge.des","nested:desert.mix","158344","180","180","36","5","16","3","0x0010","0x0003","148","91","3","000000","0x00070000","0x00000000","23872"
"bridge.des","nested:desert.mix","158344","180","180","36","6","16","3","0x0010","0x0003","148","91","3","000000","0x00070000","0x00000000","28472"
"bridge.des","nested:desert.mix","158344","180","180","36","7","18","8","0x0012","0x0008","147","86","3","000000","0x00060000","0x00000000","33072"
"bridge.des","nested:desert.mix","158344","180","180","36","8","16","6","0x0010","0x0006","145","87","3","000000","0x00050000","0x00000000","37160"
"bridge.des","nested:desert.mix","158344","180","180","36","9","16","18","0x0010","0x0012","148","91","3","000000","0x00050000","0x00000000","43056"
"bridge.des","nested:desert.mix","158344","180","180","36","10","16","18","0x0010","0x0012","148","91","3","000000","0x00050000","0x00000000","47656"
"bridge.des","nested:desert.mix","158344","180","180","36","11","16","18","0x0010","0x0012","148","91","3","000000","0x00040000","0x00000000","52256"
"bridge.des","nested:desert.mix","158344","180","180","36","12","16","18","0x0010","0x0012","148","91","3","000000","0x00050000","0x00000000","56856"
"bridge.des","nested:desert.mix","158344","180","180","36","13","16","18","0x0010","0x0012","148","91","3","000000","0x00050000","0x00000000","61456"
"bridge.des","nested:desert.mix","158344","180","180","36","14","16","18","0x0010","0x0012","148","91","3","000000","0x00050000","0x00000000","66056"
"bridge.des","nested:desert.mix","158344","180","180","36","15","16","18","0x0010","0x0012","148","91","3","000000","0x00050000","0x00000000","70656"
"bridge.des","nested:desert.mix","158344","180","180","36","16","16","18","0x0010","0x0012","148","91","3","000000","0x00040000","0x00000000","75256"
"bridge.des","nested:desert.mix","158344","180","180","36","17","16","23","0x0010","0x0017","148","86","3","000000","0x00050000","0x00000000","81432"
"bridge.des","nested:desert.mix","158344","180","180","36","18","30","61","0x001E","0x003D","150","74","3","000000","0x00000000","0x00000000","85664"
"bridge.des","nested:desert.mix","158344","180","180","36","19","30","61","0x001E","0x003D","150","74","3","000000","0x00000000","0x00000000","89704"
"bridge.des","nested:desert.mix","158344","180","180","36","20","30","61","0x001E","0x003D","150","74","3","000000","0x00000000","0x00000000","93744"
"bridge.des","nested:desert.mix","158344","180","180","36","21","30","61","0x001E","0x003D","150","74","3","000000","0x00000000","0x00000000","97784"
"bridge.des","nested:desert.mix","158344","180","180","36","22","30","61","0x001E","0x003D","150","74","3","000000","0x00000000","0x00000000","101824"
"bridge.des","nested:desert.mix","158344","180","180","36","23","30","61","0x001E","0x003D","150","74","3","000000","0x00000000","0x00000000","105864"
"bridge.des","nested:desert.mix","158344","180","180","36","24","30","61","0x001E","0x003D","150","74","3","000000","0x00000000","0x00000000","109904"
"bridge.des","nested:desert.mix","158344","180","180","36","25","30","61","0x001E","0x003D","150","74","3","000000","0x00000000","0x00000000","113944"
"bridge.des","nested:desert.mix","158344","180","180","36","26","30","61","0x001E","0x003D","150","74","3","000000","0x00000000","0x00000000","117984"
"bridge.des","nested:desert.mix","158344","180","180","36","27","30","76","0x001E","0x004C","150","74","3","000000","0x00000000","0x00000000","122024"
"bridge.des","nested:desert.mix","158344","180","180","36","28","30","76","0x001E","0x004C","150","74","3","000000","0x00000000","0x00000000","126064"
"bridge.des","nested:desert.mix","158344","180","180","36","29","30","76","0x001E","0x004C","150","74","3","000000","0x00000000","0x00000000","130104"
"bridge.des","nested:desert.mix","158344","180","180","36","30","30","76","0x001E","0x004C","150","74","3","000000","0x00000000","0x00000000","134144"
"bridge.des","nested:desert.mix","158344","180","180","36","31","30","76","0x001E","0x004C","150","74","3","000000","0x00000000","0x00000000","138184"
"bridge.des","nested:desert.mix","158344","180","180","36","32","30","76","0x001E","0x004C","150","74","3","000000","0x00000000","0x00000000","142224"
"bridge.des","nested:desert.mix","158344","180","180","36","33","30","76","0x001E","0x004C","150","74","3","000000","0x00000000","0x00000000","146264"
"bridge.des","nested:desert.mix","158344","180","180","36","34","30","76","0x001E","0x004C","150","74","3","000000","0x00000000","0x00000000","150304"
"bridge.des","nested:desert.mix","158344","180","180","36","35","30","76","0x001E","0x004C","150","74","3","000000","0x00000000","0x00000000","154304"
"bridge.lun","nested:lunar.mix","158344","180","180","36","0","16","3","0x0010","0x0003","148","91","3","000000","0x00060000","0x00000000","872"
"bridge.lun","nested:lunar.mix","158344","180","180","36","1","16","3","0x0010","0x0003","148","91","3","000000","0x00050000","0x00000000","5472"
"bridge.lun","nested:lunar.mix","158344","180","180","36","2","16","3","0x0010","0x0003","148","91","3","000000","0x00060000","0x00000000","10072"
"bridge.lun","nested:lunar.mix","158344","180","180","36","3","16","3","0x0010","0x0003","148","91","3","000000","0x00060000","0x00000000","14672"
"bridge.lun","nested:lunar.mix","158344","180","180","36","4","16","3","0x0010","0x0003","148","91","3","000000","0x00070000","0x00000000","19272"
"bridge.lun","nested:lunar.mix","158344","180","180","36","5","16","3","0x0010","0x0003","148","91","3","000000","0x00070000","0x00000000","23872"
"bridge.lun","nested:lunar.mix","158344","180","180","36","6","16","3","0x0010","0x0003","148","91","3","000000","0x00070000","0x00000000","28472"
"bridge.lun","nested:lunar.mix","158344","180","180","36","7","18","8","0x0012","0x0008","147","86","3","000000","0x00060000","0x00000000","33072"
"bridge.lun","nested:lunar.mix","158344","180","180","36","8","16","6","0x0010","0x0006","145","87","3","000000","0x00050000","0x00000000","37160"
"bridge.lun","nested:lunar.mix","158344","180","180","36","9","16","18","0x0010","0x0012","148","91","3","000000","0x00050000","0x00000000","43056"
"bridge.lun","nested:lunar.mix","158344","180","180","36","10","16","18","0x0010","0x0012","148","91","3","000000","0x00050000","0x00000000","47656"
"bridge.lun","nested:lunar.mix","158344","180","180","36","11","16","18","0x0010","0x0012","148","91","3","000000","0x00040000","0x00000000","52256"
"bridge.lun","nested:lunar.mix","158344","180","180","36","12","16","18","0x0010","0x0012","148","91","3","000000","0x00050000","0x00000000","56856"
"bridge.lun","nested:lunar.mix","158344","180","180","36","13","16","18","0x0010","0x0012","148","91","3","000000","0x00050000","0x00000000","61456"
"bridge.lun","nested:lunar.mix","158344","180","180","36","14","16","18","0x0010","0x0012","148","91","3","000000","0x00050000","0x00000000","66056"
"bridge.lun","nested:lunar.mix","158344","180","180","36","15","16","18","0x0010","0x0012","148","91","3","000000","0x00050000","0x00000000","70656"
"bridge.lun","nested:lunar.mix","158344","180","180","36","16","16","18","0x0010","0x0012","148","91","3","000000","0x00040000","0x00000000","75256"
"bridge.lun","nested:lunar.mix","158344","180","180","36","17","16","23","0x0010","0x0017","148","86","3","000000","0x00050000","0x00000000","81432"
"bridge.lun","nested:lunar.mix","158344","180","180","36","18","30","61","0x001E","0x003D","150","74","3","000000","0x00000000","0x00000000","85664"
"bridge.lun","nested:lunar.mix","158344","180","180","36","19","30","61","0x001E","0x003D","150","74","3","000000","0x00000000","0x00000000","89704"
"bridge.lun","nested:lunar.mix","158344","180","180","36","20","30","61","0x001E","0x003D","150","74","3","000000","0x00000000","0x00000000","93744"
"bridge.lun","nested:lunar.mix","158344","180","180","36","21","30","61","0x001E","0x003D","150","74","3","000000","0x00000000","0x00000000","97784"
"bridge.lun","nested:lunar.mix","158344","180","180","36","22","30","61","0x001E","0x003D","150","74","3","000000","0x00000000","0x00000000","101824"
"bridge.lun","nested:lunar.mix","158344","180","180","36","23","30","61","0x001E","0x003D","150","74","3","000000","0x00000000","0x00000000","105864"
"bridge.lun","nested:lunar.mix","158344","180","180","36","24","30","61","0x001E","0x003D","150","74","3","000000","0x00000000","0x00000000","109904"
"bridge.lun","nested:lunar.mix","158344","180","180","36","25","30","61","0x001E","0x003D","150","74","3","000000","0x00000000","0x00000000","113944"
"bridge.lun","nested:lunar.mix","158344","180","180","36","26","30","61","0x001E","0x003D","150","74","3","000000","0x00000000","0x00000000","117984"
"bridge.lun","nested:lunar.mix","158344","180","180","36","27","30","76","0x001E","0x004C","150","74","3","000000","0x00000000","0x00000000","122024"
"bridge.lun","nested:lunar.mix","158344","180","180","36","28","30","76","0x001E","0x004C","150","74","3","000000","0x00000000","0x00000000","126064"
"bridge.lun","nested:lunar.mix","158344","180","180","36","29","30","76","0x001E","0x004C","150","74","3","000000","0x00000000","0x00000000","130104"
"bridge.lun","nested:lunar.mix","158344","180","180","36","30","30","76","0x001E","0x004C","150","74","3","000000","0x00000000","0x00000000","134144"
"bridge.lun","nested:lunar.mix","158344","180","180","36","31","30","76","0x001E","0x004C","150","74","3","000000","0x00000000","0x00000000","138184"
"bridge.lun","nested:lunar.mix","158344","180","180","36","32","30","76","0x001E","0x004C","150","74","3","000000","0x00000000","0x00000000","142224"
"bridge.lun","nested:lunar.mix","158344","180","180","36","33","30","76","0x001E","0x004C","150","74","3","000000","0x00000000","0x00000000","146264"
"bridge.lun","nested:lunar.mix","158344","180","180","36","34","30","76","0x001E","0x004C","150","74","3","000000","0x00000000","0x00000000","150304"
"bridge.lun","nested:lunar.mix","158344","180","180","36","35","30","76","0x001E","0x004C","150","74","3","000000","0x00000000","0x00000000","154304"
"bridge.ubn","ra2md.mix -> #0xA01A9A03","158344","180","180","36","0","16","3","0x0010","0x0003","148","91","3","000000","0x006D6E6D","0x00000000","872"
"bridge.ubn","ra2md.mix -> #0xA01A9A03","158344","180","180","36","1","16","3","0x0010","0x0003","148","91","3","000000","0x006B6B6B","0x00000000","5472"
"bridge.ubn","ra2md.mix -> #0xA01A9A03","158344","180","180","36","2","16","3","0x0010","0x0003","148","91","3","000000","0x006A6B6A","0x00000000","10072"
"bridge.ubn","ra2md.mix -> #0xA01A9A03","158344","180","180","36","3","16","3","0x0010","0x0003","148","91","3","000000","0x00696968","0x00000000","14672"
"bridge.ubn","ra2md.mix -> #0xA01A9A03","158344","180","180","36","4","16","3","0x0010","0x0003","148","91","3","000000","0x00707170","0x00000000","19272"
"bridge.ubn","ra2md.mix -> #0xA01A9A03","158344","180","180","36","5","16","3","0x0010","0x0003","148","91","3","000000","0x00707170","0x00000000","23872"
"bridge.ubn","ra2md.mix -> #0xA01A9A03","158344","180","180","36","6","16","3","0x0010","0x0003","148","91","3","000000","0x006D6E6D","0x00000000","28472"
"bridge.ubn","ra2md.mix -> #0xA01A9A03","158344","180","180","36","7","18","8","0x0012","0x0008","147","86","3","000000","0x006A6A6A","0x00000000","33072"
"bridge.ubn","ra2md.mix -> #0xA01A9A03","158344","180","180","36","8","16","6","0x0010","0x0006","145","87","3","000000","0x005D5D5B","0x00000000","37160"
"bridge.ubn","ra2md.mix -> #0xA01A9A03","158344","180","180","36","9","16","18","0x0010","0x0012","148","91","3","000000","0x00646564","0x00000000","43056"
"bridge.ubn","ra2md.mix -> #0xA01A9A03","158344","180","180","36","10","16","18","0x0010","0x0012","148","91","3","000000","0x00636463","0x00000000","47656"
"bridge.ubn","ra2md.mix -> #0xA01A9A03","158344","180","180","36","11","16","18","0x0010","0x0012","148","91","3","000000","0x00606160","0x00000000","52256"
"bridge.ubn","ra2md.mix -> #0xA01A9A03","158344","180","180","36","12","16","18","0x0010","0x0012","148","91","3","000000","0x00636462","0x00000000","56856"
"bridge.ubn","ra2md.mix -> #0xA01A9A03","158344","180","180","36","13","16","18","0x0010","0x0012","148","91","3","000000","0x00626362","0x00000000","61456"
"bridge.ubn","ra2md.mix -> #0xA01A9A03","158344","180","180","36","14","16","18","0x0010","0x0012","148","91","3","000000","0x00616362","0x00000000","66056"
"bridge.ubn","ra2md.mix -> #0xA01A9A03","158344","180","180","36","15","16","18","0x0010","0x0012","148","91","3","000000","0x005D5F5E","0x00000000","70656"
"bridge.ubn","ra2md.mix -> #0xA01A9A03","158344","180","180","36","16","16","18","0x0010","0x0012","148","91","3","000000","0x005D5E5C","0x00000000","75256"
"bridge.ubn","ra2md.mix -> #0xA01A9A03","158344","180","180","36","17","16","23","0x0010","0x0017","148","86","3","000000","0x00626362","0x00000000","81432"
"bridge.ubn","ra2md.mix -> #0xA01A9A03","158344","180","180","36","18","30","61","0x001E","0x003D","150","74","3","000000","0x00000000","0x00000000","85664"
"bridge.ubn","ra2md.mix -> #0xA01A9A03","158344","180","180","36","19","30","61","0x001E","0x003D","150","74","3","000000","0x00000000","0x00000000","89704"
"bridge.ubn","ra2md.mix -> #0xA01A9A03","158344","180","180","36","20","30","61","0x001E","0x003D","150","74","3","000000","0x00000000","0x00000000","93744"
"bridge.ubn","ra2md.mix -> #0xA01A9A03","158344","180","180","36","21","30","61","0x001E","0x003D","150","74","3","000000","0x00000000","0x00000000","97784"
"bridge.ubn","ra2md.mix -> #0xA01A9A03","158344","180","180","36","22","30","61","0x001E","0x003D","150","74","3","000000","0x00000000","0x00000000","101824"
"bridge.ubn","ra2md.mix -> #0xA01A9A03","158344","180","180","36","23","30","61","0x001E","0x003D","150","74","3","000000","0x00000000","0x00000000","105864"
"bridge.ubn","ra2md.mix -> #0xA01A9A03","158344","180","180","36","24","30","61","0x001E","0x003D","150","74","3","000000","0x00000000","0x00000000","109904"
"bridge.ubn","ra2md.mix -> #0xA01A9A03","158344","180","180","36","25","30","61","0x001E","0x003D","150","74","3","000000","0x00000000","0x00000000","113944"
"bridge.ubn","ra2md.mix -> #0xA01A9A03","158344","180","180","36","26","30","61","0x001E","0x003D","150","74","3","000000","0x00000000","0x00000000","117984"
"bridge.ubn","ra2md.mix -> #0xA01A9A03","158344","180","180","36","27","30","76","0x001E","0x004C","150","74","3","000000","0x00000000","0x00000000","122024"
"bridge.ubn","ra2md.mix -> #0xA01A9A03","158344","180","180","36","28","30","76","0x001E","0x004C","150","74","3","000000","0x00000000","0x00000000","126064"
"bridge.ubn","ra2md.mix -> #0xA01A9A03","158344","180","180","36","29","30","76","0x001E","0x004C","150","74","3","000000","0x00000000","0x00000000","130104"
"bridge.ubn","ra2md.mix -> #0xA01A9A03","158344","180","180","36","30","30","76","0x001E","0x004C","150","74","3","000000","0x00000000","0x00000000","134144"
"bridge.ubn","ra2md.mix -> #0xA01A9A03","158344","180","180","36","31","30","76","0x001E","0x004C","150","74","3","000000","0x00000000","0x00000000","138184"
"bridge.ubn","ra2md.mix -> #0xA01A9A03","158344","180","180","36","32","30","76","0x001E","0x004C","150","74","3","000000","0x00000000","0x00000000","142224"
"bridge.ubn","ra2md.mix -> #0xA01A9A03","158344","180","180","36","33","30","76","0x001E","0x004C","150","74","3","000000","0x00000000","0x00000000","146264"
"bridge.ubn","ra2md.mix -> #0xA01A9A03","158344","180","180","36","34","30","76","0x001E","0x004C","150","74","3","000000","0x00000000","0x00000000","150304"
"bridge.ubn","ra2md.mix -> #0xA01A9A03","158344","180","180","36","35","30","76","0x001E","0x004C","150","74","3","000000","0x00000000","0x00000000","154304"
"bridgb.tem","nested:temperat.mix","137928","253","242","36","0","59","34","0x003B","0x0022","148","89","3","000000","0x00040000","0x00000000","872"
"bridgb.tem","nested:temperat.mix","137928","253","242","36","1","59","34","0x003B","0x0022","148","89","3","000000","0x00040000","0x00000000","5368"
"bridgb.tem","nested:temperat.mix","137928","253","242","36","2","59","34","0x003B","0x0022","148","89","3","000000","0x00040000","0x00000000","9872"
"bridgb.tem","nested:temperat.mix","137928","253","242","36","3","59","34","0x003B","0x0022","148","89","3","000000","0x00030000","0x00000000","14392"
"bridgb.tem","nested:temperat.mix","137928","253","242","36","4","59","34","0x003B","0x0022","148","89","3","000000","0x00030000","0x00000000","18904"
"bridgb.tem","nested:temperat.mix","137928","253","242","36","5","59","34","0x003B","0x0022","148","89","3","000000","0x00020000","0x00000000","23400"
"bridgb.tem","nested:temperat.mix","137928","253","242","36","6","59","34","0x003B","0x0022","148","89","3","000000","0x00010000","0x00000000","27896"
"bridgb.tem","nested:temperat.mix","137928","253","242","36","7","56","31","0x0038","0x001F","151","92","3","000000","0x00020000","0x00000000","32392"
"bridgb.tem","nested:temperat.mix","137928","253","242","36","8","52","34","0x0034","0x0022","140","92","3","000000","0x00020000","0x00000000","35952"
"bridgb.tem","nested:temperat.mix","137928","253","242","36","9","46","49","0x002E","0x0031","148","88","3","000000","0x00040000","0x00000000","40584"
"bridgb.tem","nested:temperat.mix","137928","253","242","36","10","46","49","0x002E","0x0031","148","88","3","000000","0x00030000","0x00000000","45056"
"bridgb.tem","nested:temperat.mix","137928","253","242","36","11","47","49","0x002F","0x0031","147","88","3","000000","0x00040000","0x00000000","49528"
"bridgb.tem","nested:temperat.mix","137928","253","242","36","12","46","48","0x002E","0x0030","148","89","3","000000","0x00040000","0x00000000","54040"
"bridgb.tem","nested:temperat.mix","137928","253","242","36","13","46","49","0x002E","0x0031","148","88","3","000000","0x00020000","0x00000000","58592"
"bridgb.tem","nested:temperat.mix","137928","253","242","36","14","46","48","0x002E","0x0030","148","89","3","000000","0x00020000","0x00000000","63072"
"bridgb.tem","nested:temperat.mix","137928","253","242","36","15","46","48","0x002E","0x0030","148","89","3","000000","0x00010000","0x00000000","67552"
"bridgb.tem","nested:temperat.mix","137928","253","242","36","16","58","48","0x003A","0x0030","136","91","3","000000","0x00020000","0x00000000","72048"
"bridgb.tem","nested:temperat.mix","137928","253","242","36","17","46","39","0x002E","0x0027","149","98","3","000000","0x00020000","0x00000000","76696"
"bridgb.tem","nested:temperat.mix","137928","253","242","36","18","98","99","0x0062","0x0063","136","67","3","000000","0x00000000","0x00000000","80664"
"bridgb.tem","nested:temperat.mix","137928","253","242","36","19","98","99","0x0062","0x0063","136","67","3","000000","0x00000000","0x00000000","84032"
"bridgb.tem","nested:temperat.mix","137928","253","242","36","20","98","99","0x0062","0x0063","136","67","3","000000","0x00000000","0x00000000","87400"
"bridgb.tem","nested:temperat.mix","137928","253","242","36","21","98","99","0x0062","0x0063","136","67","3","000000","0x00000000","0x00000000","90768"
"bridgb.tem","nested:temperat.mix","137928","253","242","36","22","98","99","0x0062","0x0063","136","67","3","000000","0x00000000","0x00000000","94136"
"bridgb.tem","nested:temperat.mix","137928","253","242","36","23","98","99","0x0062","0x0063","136","67","3","000000","0x00000000","0x00000000","97568"
"bridgb.tem","nested:temperat.mix","137928","253","242","36","24","98","99","0x0062","0x0063","136","67","3","000000","0x00000000","0x00000000","100976"
"bridgb.tem","nested:temperat.mix","137928","253","242","36","25","107","99","0x006B","0x0063","127","67","3","000000","0x00000000","0x00000000","104448"
"bridgb.tem","nested:temperat.mix","137928","253","242","36","26","98","99","0x0062","0x0063","127","63","3","000000","0x00000000","0x00000000","106920"
"bridgb.tem","nested:temperat.mix","137928","253","242","36","27","93","119","0x005D","0x0077","136","67","3","000000","0x00000000","0x00000000","109176"
"bridgb.tem","nested:temperat.mix","137928","253","242","36","28","93","119","0x005D","0x0077","136","67","3","000000","0x00000000","0x00000000","112544"
"bridgb.tem","nested:temperat.mix","137928","253","242","36","29","93","119","0x005D","0x0077","136","67","3","000000","0x00000000","0x00000000","115912"
"bridgb.tem","nested:temperat.mix","137928","253","242","36","30","93","119","0x005D","0x0077","136","67","3","000000","0x00000000","0x00000000","119280"
"bridgb.tem","nested:temperat.mix","137928","253","242","36","31","93","119","0x005D","0x0077","136","67","3","000000","0x00000000","0x00000000","122648"
"bridgb.tem","nested:temperat.mix","137928","253","242","36","32","93","119","0x005D","0x0077","136","67","3","000000","0x00000000","0x00000000","126168"
"bridgb.tem","nested:temperat.mix","137928","253","242","36","33","93","119","0x005D","0x0077","136","67","3","000000","0x00000000","0x00000000","129688"
"bridgb.tem","nested:temperat.mix","137928","253","242","36","34","102","119","0x0066","0x0077","127","63","3","000000","0x00000000","0x00000000","133208"
"bridgb.tem","nested:temperat.mix","137928","253","242","36","35","93","119","0x005D","0x0077","127","67","3","000000","0x00000000","0x00000000","135456"
"bridgb.sno","nested:snow.mix","137936","253","242","36","0","59","34","0x003B","0x0022","148","89","3","000000","0x00080000","0x00000000","872"
"bridgb.sno","nested:snow.mix","137936","253","242","36","1","59","34","0x003B","0x0022","148","89","3","000000","0x00080000","0x00000000","5368"
"bridgb.sno","nested:snow.mix","137936","253","242","36","2","59","34","0x003B","0x0022","148","89","3","000000","0x00090000","0x00000000","9872"
"bridgb.sno","nested:snow.mix","137936","253","242","36","3","59","34","0x003B","0x0022","148","89","3","000000","0x00090000","0x00000000","14384"
"bridgb.sno","nested:snow.mix","137936","253","242","36","4","59","34","0x003B","0x0022","148","89","3","000000","0x00060000","0x00000000","18896"
"bridgb.sno","nested:snow.mix","137936","253","242","36","5","59","34","0x003B","0x0022","148","89","3","000000","0x00060000","0x00000000","23392"
"bridgb.sno","nested:snow.mix","137936","253","242","36","6","59","34","0x003B","0x0022","148","89","3","000000","0x00050000","0x00000000","27888"
"bridgb.sno","nested:snow.mix","137936","253","242","36","7","56","31","0x0038","0x001F","151","92","3","000000","0x00040000","0x00000000","32384"
"bridgb.sno","nested:snow.mix","137936","253","242","36","8","52","34","0x0034","0x0022","140","92","3","000000","0x00050000","0x00000000","35928"
"bridgb.sno","nested:snow.mix","137936","253","242","36","9","46","49","0x002E","0x0031","148","88","3","000000","0x00080000","0x00000000","40560"
"bridgb.sno","nested:snow.mix","137936","253","242","36","10","46","49","0x002E","0x0031","148","88","3","000000","0x00080000","0x00000000","45032"
"bridgb.sno","nested:snow.mix","137936","253","242","36","11","47","49","0x002F","0x0031","147","88","3","000000","0x00080000","0x00000000","49504"
"bridgb.sno","nested:snow.mix","137936","253","242","36","12","46","48","0x002E","0x0030","148","89","3","000000","0x00090000","0x00000000","54016"
"bridgb.sno","nested:snow.mix","137936","253","242","36","13","46","48","0x002E","0x0030","148","89","3","000000","0x00060000","0x00000000","58568"
"bridgb.sno","nested:snow.mix","137936","253","242","36","14","46","48","0x002E","0x0030","148","89","3","000000","0x00060000","0x00000000","63064"
"bridgb.sno","nested:snow.mix","137936","253","242","36","15","46","48","0x002E","0x0030","148","89","3","000000","0x00050000","0x00000000","67552"
"bridgb.sno","nested:snow.mix","137936","253","242","36","16","58","48","0x003A","0x0030","136","91","3","000000","0x00050000","0x00000000","72048"
"bridgb.sno","nested:snow.mix","137936","253","242","36","17","46","39","0x002E","0x0027","149","98","3","000000","0x00040000","0x00000000","76704"
"bridgb.sno","nested:snow.mix","137936","253","242","36","18","98","99","0x0062","0x0063","136","67","3","000000","0x00000000","0x00000000","80672"
"bridgb.sno","nested:snow.mix","137936","253","242","36","19","98","99","0x0062","0x0063","136","67","3","000000","0x00000000","0x00000000","84040"
"bridgb.sno","nested:snow.mix","137936","253","242","36","20","98","99","0x0062","0x0063","136","67","3","000000","0x00000000","0x00000000","87408"
"bridgb.sno","nested:snow.mix","137936","253","242","36","21","98","99","0x0062","0x0063","136","67","3","000000","0x00000000","0x00000000","90776"
"bridgb.sno","nested:snow.mix","137936","253","242","36","22","98","99","0x0062","0x0063","136","67","3","000000","0x00000000","0x00000000","94144"
"bridgb.sno","nested:snow.mix","137936","253","242","36","23","98","99","0x0062","0x0063","136","67","3","000000","0x00000000","0x00000000","97576"
"bridgb.sno","nested:snow.mix","137936","253","242","36","24","98","99","0x0062","0x0063","136","67","3","000000","0x00000000","0x00000000","100984"
"bridgb.sno","nested:snow.mix","137936","253","242","36","25","107","99","0x006B","0x0063","127","67","3","000000","0x00000000","0x00000000","104456"
"bridgb.sno","nested:snow.mix","137936","253","242","36","26","98","99","0x0062","0x0063","127","63","3","000000","0x00000000","0x00000000","106928"
"bridgb.sno","nested:snow.mix","137936","253","242","36","27","93","119","0x005D","0x0077","136","67","3","000000","0x00000000","0x00000000","109184"
"bridgb.sno","nested:snow.mix","137936","253","242","36","28","93","119","0x005D","0x0077","136","67","3","000000","0x00000000","0x00000000","112552"
"bridgb.sno","nested:snow.mix","137936","253","242","36","29","93","119","0x005D","0x0077","136","67","3","000000","0x00000000","0x00000000","115920"
"bridgb.sno","nested:snow.mix","137936","253","242","36","30","93","119","0x005D","0x0077","136","67","3","000000","0x00000000","0x00000000","119288"
"bridgb.sno","nested:snow.mix","137936","253","242","36","31","93","119","0x005D","0x0077","136","67","3","000000","0x00000000","0x00000000","122656"
"bridgb.sno","nested:snow.mix","137936","253","242","36","32","93","119","0x005D","0x0077","136","67","3","000000","0x00000000","0x00000000","126176"
"bridgb.sno","nested:snow.mix","137936","253","242","36","33","93","119","0x005D","0x0077","136","67","3","000000","0x00000000","0x00000000","129696"
"bridgb.sno","nested:snow.mix","137936","253","242","36","34","102","119","0x0066","0x0077","127","63","3","000000","0x00000000","0x00000000","133216"
"bridgb.sno","nested:snow.mix","137936","253","242","36","35","93","119","0x005D","0x0077","127","67","3","000000","0x00000000","0x00000000","135464"
"bridgb.urb","nested:urban.mix","137912","253","242","36","0","59","34","0x003B","0x0022","148","89","3","000000","0x002E0000","0x00000000","872"
"bridgb.urb","nested:urban.mix","137912","253","242","36","1","59","34","0x003B","0x0022","148","89","3","000000","0x002F0000","0x00000000","5368"
"bridgb.urb","nested:urban.mix","137912","253","242","36","2","59","34","0x003B","0x0022","148","89","3","000000","0x002D0000","0x00000000","9872"
"bridgb.urb","nested:urban.mix","137912","253","242","36","3","59","34","0x003B","0x0022","148","89","3","000000","0x002E0000","0x00000000","14392"
"bridgb.urb","nested:urban.mix","137912","253","242","36","4","59","34","0x003B","0x0022","148","89","3","000000","0x002F0000","0x00000000","18904"
"bridgb.urb","nested:urban.mix","137912","253","242","36","5","59","34","0x003B","0x0022","148","89","3","000000","0x002F0000","0x00000000","23400"
"bridgb.urb","nested:urban.mix","137912","253","242","36","6","59","34","0x003B","0x0022","148","89","3","000000","0x00300000","0x00000000","27896"
"bridgb.urb","nested:urban.mix","137912","253","242","36","7","56","31","0x0038","0x001F","151","92","3","000000","0x002F0000","0x00000000","32392"
"bridgb.urb","nested:urban.mix","137912","253","242","36","8","52","34","0x0034","0x0022","140","92","3","000000","0x00300000","0x00000000","35936"
"bridgb.urb","nested:urban.mix","137912","253","242","36","9","46","49","0x002E","0x0031","148","88","3","000000","0x002E0000","0x00000000","40568"
"bridgb.urb","nested:urban.mix","137912","253","242","36","10","46","49","0x002E","0x0031","148","88","3","000000","0x00300000","0x00000000","45040"
"bridgb.urb","nested:urban.mix","137912","253","242","36","11","47","49","0x002F","0x0031","147","88","3","000000","0x002F0000","0x00000000","49512"
"bridgb.urb","nested:urban.mix","137912","253","242","36","12","46","48","0x002E","0x0030","148","89","3","000000","0x002E0000","0x00000000","54024"
"bridgb.urb","nested:urban.mix","137912","253","242","36","13","46","49","0x002E","0x0031","148","88","3","000000","0x00310000","0x00000000","58576"
"bridgb.urb","nested:urban.mix","137912","253","242","36","14","46","48","0x002E","0x0030","148","89","3","000000","0x00320000","0x00000000","63056"
"bridgb.urb","nested:urban.mix","137912","253","242","36","15","46","48","0x002E","0x0030","148","89","3","000000","0x00320000","0x00000000","67536"
"bridgb.urb","nested:urban.mix","137912","253","242","36","16","58","48","0x003A","0x0030","136","91","3","000000","0x00300000","0x00000000","72032"
"bridgb.urb","nested:urban.mix","137912","253","242","36","17","46","39","0x002E","0x0027","149","98","3","000000","0x00300000","0x00000000","76680"
"bridgb.urb","nested:urban.mix","137912","253","242","36","18","98","99","0x0062","0x0063","136","67","3","000000","0x00000000","0x00000000","80648"
"bridgb.urb","nested:urban.mix","137912","253","242","36","19","98","99","0x0062","0x0063","136","67","3","000000","0x00000000","0x00000000","84016"
"bridgb.urb","nested:urban.mix","137912","253","242","36","20","98","99","0x0062","0x0063","136","67","3","000000","0x00000000","0x00000000","87384"
"bridgb.urb","nested:urban.mix","137912","253","242","36","21","98","99","0x0062","0x0063","136","67","3","000000","0x00000000","0x00000000","90752"
"bridgb.urb","nested:urban.mix","137912","253","242","36","22","98","99","0x0062","0x0063","136","67","3","000000","0x00000000","0x00000000","94120"
"bridgb.urb","nested:urban.mix","137912","253","242","36","23","98","99","0x0062","0x0063","136","67","3","000000","0x00000000","0x00000000","97552"
"bridgb.urb","nested:urban.mix","137912","253","242","36","24","98","99","0x0062","0x0063","136","67","3","000000","0x00000000","0x00000000","100960"
"bridgb.urb","nested:urban.mix","137912","253","242","36","25","107","99","0x006B","0x0063","127","67","3","000000","0x00000000","0x00000000","104432"
"bridgb.urb","nested:urban.mix","137912","253","242","36","26","98","99","0x0062","0x0063","127","63","3","000000","0x00000000","0x00000000","106904"
"bridgb.urb","nested:urban.mix","137912","253","242","36","27","93","119","0x005D","0x0077","136","67","3","000000","0x00000000","0x00000000","109160"
"bridgb.urb","nested:urban.mix","137912","253","242","36","28","93","119","0x005D","0x0077","136","67","3","000000","0x00000000","0x00000000","112528"
"bridgb.urb","nested:urban.mix","137912","253","242","36","29","93","119","0x005D","0x0077","136","67","3","000000","0x00000000","0x00000000","115896"
"bridgb.urb","nested:urban.mix","137912","253","242","36","30","93","119","0x005D","0x0077","136","67","3","000000","0x00000000","0x00000000","119264"
"bridgb.urb","nested:urban.mix","137912","253","242","36","31","93","119","0x005D","0x0077","136","67","3","000000","0x00000000","0x00000000","122632"
"bridgb.urb","nested:urban.mix","137912","253","242","36","32","93","119","0x005D","0x0077","136","67","3","000000","0x00000000","0x00000000","126152"
"bridgb.urb","nested:urban.mix","137912","253","242","36","33","93","119","0x005D","0x0077","136","67","3","000000","0x00000000","0x00000000","129672"
"bridgb.urb","nested:urban.mix","137912","253","242","36","34","102","119","0x0066","0x0077","127","63","3","000000","0x00000000","0x00000000","133192"
"bridgb.urb","nested:urban.mix","137912","253","242","36","35","93","119","0x005D","0x0077","127","67","3","000000","0x00000000","0x00000000","135440"
"bridgb.des","nested:desert.mix","137928","253","242","36","0","59","34","0x003B","0x0022","148","89","3","000000","0x00040000","0x00000000","872"
"bridgb.des","nested:desert.mix","137928","253","242","36","1","59","34","0x003B","0x0022","148","89","3","000000","0x00040000","0x00000000","5368"
"bridgb.des","nested:desert.mix","137928","253","242","36","2","59","34","0x003B","0x0022","148","89","3","000000","0x00040000","0x00000000","9872"
"bridgb.des","nested:desert.mix","137928","253","242","36","3","59","34","0x003B","0x0022","148","89","3","000000","0x00030000","0x00000000","14392"
"bridgb.des","nested:desert.mix","137928","253","242","36","4","59","34","0x003B","0x0022","148","89","3","000000","0x00030000","0x00000000","18904"
"bridgb.des","nested:desert.mix","137928","253","242","36","5","59","34","0x003B","0x0022","148","89","3","000000","0x00020000","0x00000000","23400"
"bridgb.des","nested:desert.mix","137928","253","242","36","6","59","34","0x003B","0x0022","148","89","3","000000","0x00010000","0x00000000","27896"
"bridgb.des","nested:desert.mix","137928","253","242","36","7","56","31","0x0038","0x001F","151","92","3","000000","0x00020000","0x00000000","32392"
"bridgb.des","nested:desert.mix","137928","253","242","36","8","52","34","0x0034","0x0022","140","92","3","000000","0x00020000","0x00000000","35952"
"bridgb.des","nested:desert.mix","137928","253","242","36","9","46","49","0x002E","0x0031","148","88","3","000000","0x00040000","0x00000000","40584"
"bridgb.des","nested:desert.mix","137928","253","242","36","10","46","49","0x002E","0x0031","148","88","3","000000","0x00030000","0x00000000","45056"
"bridgb.des","nested:desert.mix","137928","253","242","36","11","47","49","0x002F","0x0031","147","88","3","000000","0x00040000","0x00000000","49528"
"bridgb.des","nested:desert.mix","137928","253","242","36","12","46","48","0x002E","0x0030","148","89","3","000000","0x00040000","0x00000000","54040"
"bridgb.des","nested:desert.mix","137928","253","242","36","13","46","49","0x002E","0x0031","148","88","3","000000","0x00020000","0x00000000","58592"
"bridgb.des","nested:desert.mix","137928","253","242","36","14","46","48","0x002E","0x0030","148","89","3","000000","0x00020000","0x00000000","63072"
"bridgb.des","nested:desert.mix","137928","253","242","36","15","46","48","0x002E","0x0030","148","89","3","000000","0x00010000","0x00000000","67552"
"bridgb.des","nested:desert.mix","137928","253","242","36","16","58","48","0x003A","0x0030","136","91","3","000000","0x00020000","0x00000000","72048"
"bridgb.des","nested:desert.mix","137928","253","242","36","17","46","39","0x002E","0x0027","149","98","3","000000","0x00020000","0x00000000","76696"
"bridgb.des","nested:desert.mix","137928","253","242","36","18","98","99","0x0062","0x0063","136","67","3","000000","0x00000000","0x00000000","80664"
"bridgb.des","nested:desert.mix","137928","253","242","36","19","98","99","0x0062","0x0063","136","67","3","000000","0x00000000","0x00000000","84032"
"bridgb.des","nested:desert.mix","137928","253","242","36","20","98","99","0x0062","0x0063","136","67","3","000000","0x00000000","0x00000000","87400"
"bridgb.des","nested:desert.mix","137928","253","242","36","21","98","99","0x0062","0x0063","136","67","3","000000","0x00000000","0x00000000","90768"
"bridgb.des","nested:desert.mix","137928","253","242","36","22","98","99","0x0062","0x0063","136","67","3","000000","0x00000000","0x00000000","94136"
"bridgb.des","nested:desert.mix","137928","253","242","36","23","98","99","0x0062","0x0063","136","67","3","000000","0x00000000","0x00000000","97568"
"bridgb.des","nested:desert.mix","137928","253","242","36","24","98","99","0x0062","0x0063","136","67","3","000000","0x00000000","0x00000000","100976"
"bridgb.des","nested:desert.mix","137928","253","242","36","25","107","99","0x006B","0x0063","127","67","3","000000","0x00000000","0x00000000","104448"
"bridgb.des","nested:desert.mix","137928","253","242","36","26","98","99","0x0062","0x0063","127","63","3","000000","0x00000000","0x00000000","106920"
"bridgb.des","nested:desert.mix","137928","253","242","36","27","93","119","0x005D","0x0077","136","67","3","000000","0x00000000","0x00000000","109176"
"bridgb.des","nested:desert.mix","137928","253","242","36","28","93","119","0x005D","0x0077","136","67","3","000000","0x00000000","0x00000000","112544"
"bridgb.des","nested:desert.mix","137928","253","242","36","29","93","119","0x005D","0x0077","136","67","3","000000","0x00000000","0x00000000","115912"
"bridgb.des","nested:desert.mix","137928","253","242","36","30","93","119","0x005D","0x0077","136","67","3","000000","0x00000000","0x00000000","119280"
"bridgb.des","nested:desert.mix","137928","253","242","36","31","93","119","0x005D","0x0077","136","67","3","000000","0x00000000","0x00000000","122648"
"bridgb.des","nested:desert.mix","137928","253","242","36","32","93","119","0x005D","0x0077","136","67","3","000000","0x00000000","0x00000000","126168"
"bridgb.des","nested:desert.mix","137928","253","242","36","33","93","119","0x005D","0x0077","136","67","3","000000","0x00000000","0x00000000","129688"
"bridgb.des","nested:desert.mix","137928","253","242","36","34","102","119","0x0066","0x0077","127","63","3","000000","0x00000000","0x00000000","133208"
"bridgb.des","nested:desert.mix","137928","253","242","36","35","93","119","0x005D","0x0077","127","67","3","000000","0x00000000","0x00000000","135456"
"bridgb.lun","nested:lunar.mix","137928","253","242","36","0","59","34","0x003B","0x0022","148","89","3","000000","0x00040000","0x00000000","872"
"bridgb.lun","nested:lunar.mix","137928","253","242","36","1","59","34","0x003B","0x0022","148","89","3","000000","0x00040000","0x00000000","5368"
"bridgb.lun","nested:lunar.mix","137928","253","242","36","2","59","34","0x003B","0x0022","148","89","3","000000","0x00040000","0x00000000","9872"
"bridgb.lun","nested:lunar.mix","137928","253","242","36","3","59","34","0x003B","0x0022","148","89","3","000000","0x00030000","0x00000000","14392"
"bridgb.lun","nested:lunar.mix","137928","253","242","36","4","59","34","0x003B","0x0022","148","89","3","000000","0x00030000","0x00000000","18904"
"bridgb.lun","nested:lunar.mix","137928","253","242","36","5","59","34","0x003B","0x0022","148","89","3","000000","0x00020000","0x00000000","23400"
"bridgb.lun","nested:lunar.mix","137928","253","242","36","6","59","34","0x003B","0x0022","148","89","3","000000","0x00010000","0x00000000","27896"
"bridgb.lun","nested:lunar.mix","137928","253","242","36","7","56","31","0x0038","0x001F","151","92","3","000000","0x00020000","0x00000000","32392"
"bridgb.lun","nested:lunar.mix","137928","253","242","36","8","52","34","0x0034","0x0022","140","92","3","000000","0x00020000","0x00000000","35952"
"bridgb.lun","nested:lunar.mix","137928","253","242","36","9","46","49","0x002E","0x0031","148","88","3","000000","0x00040000","0x00000000","40584"
"bridgb.lun","nested:lunar.mix","137928","253","242","36","10","46","49","0x002E","0x0031","148","88","3","000000","0x00030000","0x00000000","45056"
"bridgb.lun","nested:lunar.mix","137928","253","242","36","11","47","49","0x002F","0x0031","147","88","3","000000","0x00040000","0x00000000","49528"
"bridgb.lun","nested:lunar.mix","137928","253","242","36","12","46","48","0x002E","0x0030","148","89","3","000000","0x00040000","0x00000000","54040"
"bridgb.lun","nested:lunar.mix","137928","253","242","36","13","46","49","0x002E","0x0031","148","88","3","000000","0x00020000","0x00000000","58592"
"bridgb.lun","nested:lunar.mix","137928","253","242","36","14","46","48","0x002E","0x0030","148","89","3","000000","0x00020000","0x00000000","63072"
"bridgb.lun","nested:lunar.mix","137928","253","242","36","15","46","48","0x002E","0x0030","148","89","3","000000","0x00010000","0x00000000","67552"
"bridgb.lun","nested:lunar.mix","137928","253","242","36","16","58","48","0x003A","0x0030","136","91","3","000000","0x00020000","0x00000000","72048"
"bridgb.lun","nested:lunar.mix","137928","253","242","36","17","46","39","0x002E","0x0027","149","98","3","000000","0x00020000","0x00000000","76696"
"bridgb.lun","nested:lunar.mix","137928","253","242","36","18","98","99","0x0062","0x0063","136","67","3","000000","0x00000000","0x00000000","80664"
"bridgb.lun","nested:lunar.mix","137928","253","242","36","19","98","99","0x0062","0x0063","136","67","3","000000","0x00000000","0x00000000","84032"
"bridgb.lun","nested:lunar.mix","137928","253","242","36","20","98","99","0x0062","0x0063","136","67","3","000000","0x00000000","0x00000000","87400"
"bridgb.lun","nested:lunar.mix","137928","253","242","36","21","98","99","0x0062","0x0063","136","67","3","000000","0x00000000","0x00000000","90768"
"bridgb.lun","nested:lunar.mix","137928","253","242","36","22","98","99","0x0062","0x0063","136","67","3","000000","0x00000000","0x00000000","94136"
"bridgb.lun","nested:lunar.mix","137928","253","242","36","23","98","99","0x0062","0x0063","136","67","3","000000","0x00000000","0x00000000","97568"
"bridgb.lun","nested:lunar.mix","137928","253","242","36","24","98","99","0x0062","0x0063","136","67","3","000000","0x00000000","0x00000000","100976"
"bridgb.lun","nested:lunar.mix","137928","253","242","36","25","107","99","0x006B","0x0063","127","67","3","000000","0x00000000","0x00000000","104448"
"bridgb.lun","nested:lunar.mix","137928","253","242","36","26","98","99","0x0062","0x0063","127","63","3","000000","0x00000000","0x00000000","106920"
"bridgb.lun","nested:lunar.mix","137928","253","242","36","27","93","119","0x005D","0x0077","136","67","3","000000","0x00000000","0x00000000","109176"
"bridgb.lun","nested:lunar.mix","137928","253","242","36","28","93","119","0x005D","0x0077","136","67","3","000000","0x00000000","0x00000000","112544"
"bridgb.lun","nested:lunar.mix","137928","253","242","36","29","93","119","0x005D","0x0077","136","67","3","000000","0x00000000","0x00000000","115912"
"bridgb.lun","nested:lunar.mix","137928","253","242","36","30","93","119","0x005D","0x0077","136","67","3","000000","0x00000000","0x00000000","119280"
"bridgb.lun","nested:lunar.mix","137928","253","242","36","31","93","119","0x005D","0x0077","136","67","3","000000","0x00000000","0x00000000","122648"
"bridgb.lun","nested:lunar.mix","137928","253","242","36","32","93","119","0x005D","0x0077","136","67","3","000000","0x00000000","0x00000000","126168"
"bridgb.lun","nested:lunar.mix","137928","253","242","36","33","93","119","0x005D","0x0077","136","67","3","000000","0x00000000","0x00000000","129688"
"bridgb.lun","nested:lunar.mix","137928","253","242","36","34","102","119","0x0066","0x0077","127","63","3","000000","0x00000000","0x00000000","133208"
"bridgb.lun","nested:lunar.mix","137928","253","242","36","35","93","119","0x005D","0x0077","127","67","3","000000","0x00000000","0x00000000","135456"
"bridgb.ubn","ra2md.mix -> #0xA01A9A03","137928","253","242","36","0","59","34","0x003B","0x0022","148","89","3","000000","0x00060000","0x00000000","872"
"bridgb.ubn","ra2md.mix -> #0xA01A9A03","137928","253","242","36","1","59","34","0x003B","0x0022","148","89","3","000000","0x00070000","0x00000000","5368"
"bridgb.ubn","ra2md.mix -> #0xA01A9A03","137928","253","242","36","2","59","34","0x003B","0x0022","148","89","3","000000","0x00080000","0x00000000","9872"
"bridgb.ubn","ra2md.mix -> #0xA01A9A03","137928","253","242","36","3","59","34","0x003B","0x0022","148","89","3","000000","0x00060000","0x00000000","14392"
"bridgb.ubn","ra2md.mix -> #0xA01A9A03","137928","253","242","36","4","59","34","0x003B","0x0022","148","89","3","000000","0x00050000","0x00000000","18904"
"bridgb.ubn","ra2md.mix -> #0xA01A9A03","137928","253","242","36","5","59","34","0x003B","0x0022","148","89","3","000000","0x00040000","0x00000000","23400"
"bridgb.ubn","ra2md.mix -> #0xA01A9A03","137928","253","242","36","6","59","34","0x003B","0x0022","148","89","3","000000","0x00030000","0x00000000","27896"
"bridgb.ubn","ra2md.mix -> #0xA01A9A03","137928","253","242","36","7","56","31","0x0038","0x001F","151","92","3","000000","0x00040000","0x00000000","32392"
"bridgb.ubn","ra2md.mix -> #0xA01A9A03","137928","253","242","36","8","52","34","0x0034","0x0022","140","92","3","000000","0x00050000","0x00000000","35952"
"bridgb.ubn","ra2md.mix -> #0xA01A9A03","137928","253","242","36","9","46","49","0x002E","0x0031","148","88","3","000000","0x00080000","0x00000000","40584"
"bridgb.ubn","ra2md.mix -> #0xA01A9A03","137928","253","242","36","10","46","49","0x002E","0x0031","148","88","3","000000","0x00060000","0x00000000","45056"
"bridgb.ubn","ra2md.mix -> #0xA01A9A03","137928","253","242","36","11","47","49","0x002F","0x0031","147","88","3","000000","0x00070000","0x00000000","49528"
"bridgb.ubn","ra2md.mix -> #0xA01A9A03","137928","253","242","36","12","46","48","0x002E","0x0030","148","89","3","000000","0x00060000","0x00000000","54040"
"bridgb.ubn","ra2md.mix -> #0xA01A9A03","137928","253","242","36","13","46","49","0x002E","0x0031","148","88","3","000000","0x00040000","0x00000000","58592"
"bridgb.ubn","ra2md.mix -> #0xA01A9A03","137928","253","242","36","14","46","48","0x002E","0x0030","148","89","3","000000","0x00040000","0x00000000","63072"
"bridgb.ubn","ra2md.mix -> #0xA01A9A03","137928","253","242","36","15","46","48","0x002E","0x0030","148","89","3","000000","0x00030000","0x00000000","67552"
"bridgb.ubn","ra2md.mix -> #0xA01A9A03","137928","253","242","36","16","58","48","0x003A","0x0030","136","91","3","000000","0x00040000","0x00000000","72048"
"bridgb.ubn","ra2md.mix -> #0xA01A9A03","137928","253","242","36","17","46","39","0x002E","0x0027","149","98","3","000000","0x00040000","0x00000000","76696"
"bridgb.ubn","ra2md.mix -> #0xA01A9A03","137928","253","242","36","18","98","99","0x0062","0x0063","136","67","3","000000","0x00000000","0x00000000","80664"
"bridgb.ubn","ra2md.mix -> #0xA01A9A03","137928","253","242","36","19","98","99","0x0062","0x0063","136","67","3","000000","0x00000000","0x00000000","84032"
"bridgb.ubn","ra2md.mix -> #0xA01A9A03","137928","253","242","36","20","98","99","0x0062","0x0063","136","67","3","000000","0x00000000","0x00000000","87400"
"bridgb.ubn","ra2md.mix -> #0xA01A9A03","137928","253","242","36","21","98","99","0x0062","0x0063","136","67","3","000000","0x00000000","0x00000000","90768"
"bridgb.ubn","ra2md.mix -> #0xA01A9A03","137928","253","242","36","22","98","99","0x0062","0x0063","136","67","3","000000","0x00000000","0x00000000","94136"
"bridgb.ubn","ra2md.mix -> #0xA01A9A03","137928","253","242","36","23","98","99","0x0062","0x0063","136","67","3","000000","0x00000000","0x00000000","97568"
"bridgb.ubn","ra2md.mix -> #0xA01A9A03","137928","253","242","36","24","98","99","0x0062","0x0063","136","67","3","000000","0x00000000","0x00000000","100976"
"bridgb.ubn","ra2md.mix -> #0xA01A9A03","137928","253","242","36","25","107","99","0x006B","0x0063","127","67","3","000000","0x00000000","0x00000000","104448"
"bridgb.ubn","ra2md.mix -> #0xA01A9A03","137928","253","242","36","26","98","99","0x0062","0x0063","127","63","3","000000","0x00000000","0x00000000","106920"
"bridgb.ubn","ra2md.mix -> #0xA01A9A03","137928","253","242","36","27","93","119","0x005D","0x0077","136","67","3","000000","0x00000000","0x00000000","109176"
"bridgb.ubn","ra2md.mix -> #0xA01A9A03","137928","253","242","36","28","93","119","0x005D","0x0077","136","67","3","000000","0x00000000","0x00000000","112544"
"bridgb.ubn","ra2md.mix -> #0xA01A9A03","137928","253","242","36","29","93","119","0x005D","0x0077","136","67","3","000000","0x00000000","0x00000000","115912"
"bridgb.ubn","ra2md.mix -> #0xA01A9A03","137928","253","242","36","30","93","119","0x005D","0x0077","136","67","3","000000","0x00000000","0x00000000","119280"
"bridgb.ubn","ra2md.mix -> #0xA01A9A03","137928","253","242","36","31","93","119","0x005D","0x0077","136","67","3","000000","0x00000000","0x00000000","122648"
"bridgb.ubn","ra2md.mix -> #0xA01A9A03","137928","253","242","36","32","93","119","0x005D","0x0077","136","67","3","000000","0x00000000","0x00000000","126168"
"bridgb.ubn","ra2md.mix -> #0xA01A9A03","137928","253","242","36","33","93","119","0x005D","0x0077","136","67","3","000000","0x00000000","0x00000000","129688"
"bridgb.ubn","ra2md.mix -> #0xA01A9A03","137928","253","242","36","34","102","119","0x0066","0x0077","127","63","3","000000","0x00000000","0x00000000","133208"
"bridgb.ubn","ra2md.mix -> #0xA01A9A03","137928","253","242","36","35","93","119","0x005D","0x0077","127","67","3","000000","0x00000000","0x00000000","135456"
"railbrdg.tem","nested:temperat.mix","149848","180","180","36","0","15","4","0x000F","0x0004","150","93","3","000000","0x00090000","0x00000000","872"
"railbrdg.tem","nested:temperat.mix","149848","180","180","36","1","15","4","0x000F","0x0004","150","93","3","000000","0x00090000","0x00000000","5560"
"railbrdg.tem","nested:temperat.mix","149848","180","180","36","2","15","4","0x000F","0x0004","150","93","3","000000","0x00080000","0x00000000","10248"
"railbrdg.tem","nested:temperat.mix","149848","180","180","36","3","15","4","0x000F","0x0004","150","93","3","000000","0x00080000","0x00000000","14936"
"railbrdg.tem","nested:temperat.mix","149848","180","180","36","4","15","7","0x000F","0x0007","150","90","3","000000","0x00080000","0x00000000","19624"
"railbrdg.tem","nested:temperat.mix","149848","180","180","36","5","15","4","0x000F","0x0004","150","93","3","000000","0x00080000","0x00000000","24264"
"railbrdg.tem","nested:temperat.mix","149848","180","180","36","6","15","9","0x000F","0x0009","150","86","3","000000","0x00080000","0x00000000","29032"
"railbrdg.tem","nested:temperat.mix","149848","180","180","36","7","24","15","0x0018","0x000F","141","82","3","000000","0x00080000","0x00000000","33576"
"railbrdg.tem","nested:temperat.mix","149848","180","180","36","8","15","9","0x000F","0x0009","145","85","3","000000","0x00070000","0x00000000","36824"
"railbrdg.tem","nested:temperat.mix","149848","180","180","36","9","15","19","0x000F","0x0013","150","93","3","000000","0x00090000","0x00000000","42728"
"railbrdg.tem","nested:temperat.mix","149848","180","180","36","10","15","19","0x000F","0x0013","150","93","3","000000","0x00080000","0x00000000","47424"
"railbrdg.tem","nested:temperat.mix","149848","180","180","36","11","15","19","0x000F","0x0013","150","93","3","000000","0x00080000","0x00000000","52120"
"railbrdg.tem","nested:temperat.mix","149848","180","180","36","12","15","19","0x000F","0x0013","150","93","3","000000","0x00080000","0x00000000","56816"
"railbrdg.tem","nested:temperat.mix","149848","180","180","36","13","15","19","0x000F","0x0013","150","93","3","000000","0x00080000","0x00000000","61512"
"railbrdg.tem","nested:temperat.mix","149848","180","180","36","14","15","19","0x000F","0x0013","150","93","3","000000","0x00080000","0x00000000","66208"
"railbrdg.tem","nested:temperat.mix","149848","180","180","36","15","15","19","0x000F","0x0013","150","93","3","000000","0x00080000","0x00000000","70856"
"railbrdg.tem","nested:temperat.mix","149848","180","180","36","16","31","19","0x001F","0x0013","134","87","3","000000","0x00090000","0x00000000","75488"
"railbrdg.tem","nested:temperat.mix","149848","180","180","36","17","15","20","0x000F","0x0014","139","92","3","000000","0x00080000","0x00000000","79648"
"railbrdg.tem","nested:temperat.mix","149848","180","180","36","18","30","61","0x001E","0x003D","150","74","3","000000","0x00000000","0x00000000","82616"
"railbrdg.tem","nested:temperat.mix","149848","180","180","36","19","30","61","0x001E","0x003D","150","74","3","000000","0x00000000","0x00000000","86656"
"railbrdg.tem","nested:temperat.mix","149848","180","180","36","20","30","61","0x001E","0x003D","150","74","3","000000","0x00000000","0x00000000","90696"
"railbrdg.tem","nested:temperat.mix","149848","180","180","36","21","30","61","0x001E","0x003D","150","74","3","000000","0x00000000","0x00000000","94736"
"railbrdg.tem","nested:temperat.mix","149848","180","180","36","22","30","61","0x001E","0x003D","150","74","3","000000","0x00000000","0x00000000","98776"
"railbrdg.tem","nested:temperat.mix","149848","180","180","36","23","30","61","0x001E","0x003D","150","74","3","000000","0x00000000","0x00000000","102816"
"railbrdg.tem","nested:temperat.mix","149848","180","180","36","24","30","61","0x001E","0x003D","150","74","3","000000","0x00000000","0x00000000","106856"
"railbrdg.tem","nested:temperat.mix","149848","180","180","36","25","39","67","0x0027","0x0043","141","68","3","000000","0x00000000","0x00000000","110896"
"railbrdg.tem","nested:temperat.mix","149848","180","180","36","26","34","65","0x0022","0x0041","132","62","3","000000","0x00000000","0x00000000","113816"
"railbrdg.tem","nested:temperat.mix","149848","180","180","36","27","30","76","0x001E","0x004C","150","74","3","000000","0x00000000","0x00000000","116592"
"railbrdg.tem","nested:temperat.mix","149848","180","180","36","28","30","76","0x001E","0x004C","150","74","3","000000","0x00000000","0x00000000","120632"
"railbrdg.tem","nested:temperat.mix","149848","180","180","36","29","30","76","0x001E","0x004C","150","74","3","000000","0x00000000","0x00000000","124672"
"railbrdg.tem","nested:temperat.mix","149848","180","180","36","30","30","76","0x001E","0x004C","150","74","3","000000","0x00000000","0x00000000","128712"
"railbrdg.tem","nested:temperat.mix","149848","180","180","36","31","30","76","0x001E","0x004C","150","74","3","000000","0x00000000","0x00000000","132752"
"railbrdg.tem","nested:temperat.mix","149848","180","180","36","32","30","76","0x001E","0x004C","150","74","3","000000","0x00000000","0x00000000","136792"
"railbrdg.tem","nested:temperat.mix","149848","180","180","36","33","30","76","0x001E","0x004C","150","74","3","000000","0x00000000","0x00000000","140832"
"railbrdg.tem","nested:temperat.mix","149848","180","180","36","34","45","76","0x002D","0x004C","135","69","3","000000","0x00000000","0x00000000","144872"
"railbrdg.tem","nested:temperat.mix","149848","180","180","36","35","30","76","0x001E","0x004C","137","74","3","000000","0x00000000","0x00000000","147272"
"railbrdg.sno","nested:snow.mix","149832","180","180","36","0","15","4","0x000F","0x0004","150","93","3","000000","0x00190000","0x00000000","872"
"railbrdg.sno","nested:snow.mix","149832","180","180","36","1","15","4","0x000F","0x0004","150","93","3","000000","0x00190000","0x00000000","5560"
"railbrdg.sno","nested:snow.mix","149832","180","180","36","2","15","4","0x000F","0x0004","150","93","3","000000","0x001A0000","0x00000000","10248"
"railbrdg.sno","nested:snow.mix","149832","180","180","36","3","15","4","0x000F","0x0004","150","93","3","000000","0x00190000","0x00000000","14936"
"railbrdg.sno","nested:snow.mix","149832","180","180","36","4","15","7","0x000F","0x0007","150","90","3","000000","0x001B0000","0x00000000","19624"
"railbrdg.sno","nested:snow.mix","149832","180","180","36","5","15","4","0x000F","0x0004","150","93","3","000000","0x001A0000","0x00000000","24264"
"railbrdg.sno","nested:snow.mix","149832","180","180","36","6","15","9","0x000F","0x0009","150","86","3","000000","0x001C0000","0x00000000","29032"
"railbrdg.sno","nested:snow.mix","149832","180","180","36","7","24","15","0x0018","0x000F","141","82","3","000000","0x001B0000","0x00000000","33576"
"railbrdg.sno","nested:snow.mix","149832","180","180","36","8","15","9","0x000F","0x0009","145","85","3","000000","0x001F0000","0x00000000","36824"
"railbrdg.sno","nested:snow.mix","149832","180","180","36","9","15","19","0x000F","0x0013","150","93","3","000000","0x001C0000","0x00000000","42728"
"railbrdg.sno","nested:snow.mix","149832","180","180","36","10","15","19","0x000F","0x0013","150","93","3","000000","0x001D0000","0x00000000","47424"
"railbrdg.sno","nested:snow.mix","149832","180","180","36","11","15","19","0x000F","0x0013","150","93","3","000000","0x001C0000","0x00000000","52120"
"railbrdg.sno","nested:snow.mix","149832","180","180","36","12","15","19","0x000F","0x0013","150","93","3","000000","0x001C0000","0x00000000","56816"
"railbrdg.sno","nested:snow.mix","149832","180","180","36","13","15","19","0x000F","0x0013","150","93","3","000000","0x001D0000","0x00000000","61512"
"railbrdg.sno","nested:snow.mix","149832","180","180","36","14","15","19","0x000F","0x0013","150","93","3","000000","0x001D0000","0x00000000","66208"
"railbrdg.sno","nested:snow.mix","149832","180","180","36","15","15","19","0x000F","0x0013","150","93","3","000000","0x001C0000","0x00000000","70840"
"railbrdg.sno","nested:snow.mix","149832","180","180","36","16","31","19","0x001F","0x0013","134","87","3","000000","0x001C0000","0x00000000","75472"
"railbrdg.sno","nested:snow.mix","149832","180","180","36","17","15","20","0x000F","0x0014","139","92","3","000000","0x001C0000","0x00000000","79632"
"railbrdg.sno","nested:snow.mix","149832","180","180","36","18","30","61","0x001E","0x003D","150","74","3","000000","0x00000000","0x00000000","82600"
"railbrdg.sno","nested:snow.mix","149832","180","180","36","19","30","61","0x001E","0x003D","150","74","3","000000","0x00000000","0x00000000","86640"
"railbrdg.sno","nested:snow.mix","149832","180","180","36","20","30","61","0x001E","0x003D","150","74","3","000000","0x00000000","0x00000000","90680"
"railbrdg.sno","nested:snow.mix","149832","180","180","36","21","30","61","0x001E","0x003D","150","74","3","000000","0x00000000","0x00000000","94720"
"railbrdg.sno","nested:snow.mix","149832","180","180","36","22","30","61","0x001E","0x003D","150","74","3","000000","0x00000000","0x00000000","98760"
"railbrdg.sno","nested:snow.mix","149832","180","180","36","23","30","61","0x001E","0x003D","150","74","3","000000","0x00000000","0x00000000","102800"
"railbrdg.sno","nested:snow.mix","149832","180","180","36","24","30","61","0x001E","0x003D","150","74","3","000000","0x00000000","0x00000000","106840"
"railbrdg.sno","nested:snow.mix","149832","180","180","36","25","39","67","0x0027","0x0043","141","68","3","000000","0x00000000","0x00000000","110880"
"railbrdg.sno","nested:snow.mix","149832","180","180","36","26","34","65","0x0022","0x0041","132","62","3","000000","0x00000000","0x00000000","113800"
"railbrdg.sno","nested:snow.mix","149832","180","180","36","27","30","76","0x001E","0x004C","150","74","3","000000","0x00000000","0x00000000","116576"
"railbrdg.sno","nested:snow.mix","149832","180","180","36","28","30","76","0x001E","0x004C","150","74","3","000000","0x00000000","0x00000000","120616"
"railbrdg.sno","nested:snow.mix","149832","180","180","36","29","30","76","0x001E","0x004C","150","74","3","000000","0x00000000","0x00000000","124656"
"railbrdg.sno","nested:snow.mix","149832","180","180","36","30","30","76","0x001E","0x004C","150","74","3","000000","0x00000000","0x00000000","128696"
"railbrdg.sno","nested:snow.mix","149832","180","180","36","31","30","76","0x001E","0x004C","150","74","3","000000","0x00000000","0x00000000","132736"
"railbrdg.sno","nested:snow.mix","149832","180","180","36","32","30","76","0x001E","0x004C","150","74","3","000000","0x00000000","0x00000000","136776"
"railbrdg.sno","nested:snow.mix","149832","180","180","36","33","30","76","0x001E","0x004C","150","74","3","000000","0x00000000","0x00000000","140816"
"railbrdg.sno","nested:snow.mix","149832","180","180","36","34","45","76","0x002D","0x004C","135","69","3","000000","0x00000000","0x00000000","144856"
"railbrdg.sno","nested:snow.mix","149832","180","180","36","35","30","76","0x001E","0x004C","137","74","3","000000","0x00000000","0x00000000","147256"
"railbrdg.urb","nested:urban.mix","149848","180","180","36","0","15","4","0x000F","0x0004","150","93","3","000000","0x00090000","0x00000000","872"
"railbrdg.urb","nested:urban.mix","149848","180","180","36","1","15","4","0x000F","0x0004","150","93","3","000000","0x00090000","0x00000000","5560"
"railbrdg.urb","nested:urban.mix","149848","180","180","36","2","15","4","0x000F","0x0004","150","93","3","000000","0x00080000","0x00000000","10248"
"railbrdg.urb","nested:urban.mix","149848","180","180","36","3","15","4","0x000F","0x0004","150","93","3","000000","0x00080000","0x00000000","14936"
"railbrdg.urb","nested:urban.mix","149848","180","180","36","4","15","7","0x000F","0x0007","150","90","3","000000","0x00080000","0x00000000","19624"
"railbrdg.urb","nested:urban.mix","149848","180","180","36","5","15","4","0x000F","0x0004","150","93","3","000000","0x00080000","0x00000000","24264"
"railbrdg.urb","nested:urban.mix","149848","180","180","36","6","15","9","0x000F","0x0009","150","86","3","000000","0x00080000","0x00000000","29032"
"railbrdg.urb","nested:urban.mix","149848","180","180","36","7","24","15","0x0018","0x000F","141","82","3","000000","0x00080000","0x00000000","33576"
"railbrdg.urb","nested:urban.mix","149848","180","180","36","8","15","9","0x000F","0x0009","145","85","3","000000","0x00070000","0x00000000","36824"
"railbrdg.urb","nested:urban.mix","149848","180","180","36","9","15","19","0x000F","0x0013","150","93","3","000000","0x00090000","0x00000000","42728"
"railbrdg.urb","nested:urban.mix","149848","180","180","36","10","15","19","0x000F","0x0013","150","93","3","000000","0x00080000","0x00000000","47424"
"railbrdg.urb","nested:urban.mix","149848","180","180","36","11","15","19","0x000F","0x0013","150","93","3","000000","0x00080000","0x00000000","52120"
"railbrdg.urb","nested:urban.mix","149848","180","180","36","12","15","19","0x000F","0x0013","150","93","3","000000","0x00080000","0x00000000","56816"
"railbrdg.urb","nested:urban.mix","149848","180","180","36","13","15","19","0x000F","0x0013","150","93","3","000000","0x00080000","0x00000000","61512"
"railbrdg.urb","nested:urban.mix","149848","180","180","36","14","15","19","0x000F","0x0013","150","93","3","000000","0x00080000","0x00000000","66208"
"railbrdg.urb","nested:urban.mix","149848","180","180","36","15","15","19","0x000F","0x0013","150","93","3","000000","0x00080000","0x00000000","70856"
"railbrdg.urb","nested:urban.mix","149848","180","180","36","16","31","19","0x001F","0x0013","134","87","3","000000","0x00090000","0x00000000","75488"
"railbrdg.urb","nested:urban.mix","149848","180","180","36","17","15","20","0x000F","0x0014","139","92","3","000000","0x00080000","0x00000000","79648"
"railbrdg.urb","nested:urban.mix","149848","180","180","36","18","30","61","0x001E","0x003D","150","74","3","000000","0x00000000","0x00000000","82616"
"railbrdg.urb","nested:urban.mix","149848","180","180","36","19","30","61","0x001E","0x003D","150","74","3","000000","0x00000000","0x00000000","86656"
"railbrdg.urb","nested:urban.mix","149848","180","180","36","20","30","61","0x001E","0x003D","150","74","3","000000","0x00000000","0x00000000","90696"
"railbrdg.urb","nested:urban.mix","149848","180","180","36","21","30","61","0x001E","0x003D","150","74","3","000000","0x00000000","0x00000000","94736"
"railbrdg.urb","nested:urban.mix","149848","180","180","36","22","30","61","0x001E","0x003D","150","74","3","000000","0x00000000","0x00000000","98776"
"railbrdg.urb","nested:urban.mix","149848","180","180","36","23","30","61","0x001E","0x003D","150","74","3","000000","0x00000000","0x00000000","102816"
"railbrdg.urb","nested:urban.mix","149848","180","180","36","24","30","61","0x001E","0x003D","150","74","3","000000","0x00000000","0x00000000","106856"
"railbrdg.urb","nested:urban.mix","149848","180","180","36","25","39","67","0x0027","0x0043","141","68","3","000000","0x00000000","0x00000000","110896"
"railbrdg.urb","nested:urban.mix","149848","180","180","36","26","34","65","0x0022","0x0041","132","62","3","000000","0x00000000","0x00000000","113816"
"railbrdg.urb","nested:urban.mix","149848","180","180","36","27","30","76","0x001E","0x004C","150","74","3","000000","0x00000000","0x00000000","116592"
"railbrdg.urb","nested:urban.mix","149848","180","180","36","28","30","76","0x001E","0x004C","150","74","3","000000","0x00000000","0x00000000","120632"
"railbrdg.urb","nested:urban.mix","149848","180","180","36","29","30","76","0x001E","0x004C","150","74","3","000000","0x00000000","0x00000000","124672"
"railbrdg.urb","nested:urban.mix","149848","180","180","36","30","30","76","0x001E","0x004C","150","74","3","000000","0x00000000","0x00000000","128712"
"railbrdg.urb","nested:urban.mix","149848","180","180","36","31","30","76","0x001E","0x004C","150","74","3","000000","0x00000000","0x00000000","132752"
"railbrdg.urb","nested:urban.mix","149848","180","180","36","32","30","76","0x001E","0x004C","150","74","3","000000","0x00000000","0x00000000","136792"
"railbrdg.urb","nested:urban.mix","149848","180","180","36","33","30","76","0x001E","0x004C","150","74","3","000000","0x00000000","0x00000000","140832"
"railbrdg.urb","nested:urban.mix","149848","180","180","36","34","45","76","0x002D","0x004C","135","69","3","000000","0x00000000","0x00000000","144872"
"railbrdg.urb","nested:urban.mix","149848","180","180","36","35","30","76","0x001E","0x004C","137","74","3","000000","0x00000000","0x00000000","147272"
"railbrdg.des","nested:desert.mix","149848","180","180","36","0","15","4","0x000F","0x0004","150","93","3","00CCCC","0x00717273","0x00000000","872"
"railbrdg.des","nested:desert.mix","149848","180","180","36","1","15","4","0x000F","0x0004","150","93","3","00CCCC","0x00717272","0x00000000","5560"
"railbrdg.des","nested:desert.mix","149848","180","180","36","2","15","4","0x000F","0x0004","150","93","3","00CCCC","0x00717171","0x00000000","10248"
"railbrdg.des","nested:desert.mix","149848","180","180","36","3","15","4","0x000F","0x0004","150","93","3","00CCCC","0x00717171","0x00000000","14936"
"railbrdg.des","nested:desert.mix","149848","180","180","36","4","15","7","0x000F","0x0007","150","90","3","00CCCC","0x00707070","0x00000000","19624"
"railbrdg.des","nested:desert.mix","149848","180","180","36","5","15","4","0x000F","0x0004","150","93","3","00CCCC","0x00747474","0x00000000","24264"
"railbrdg.des","nested:desert.mix","149848","180","180","36","6","15","9","0x000F","0x0009","150","86","3","00CCCC","0x006C6B6B","0x00000000","29032"
"railbrdg.des","nested:desert.mix","149848","180","180","36","7","24","15","0x0018","0x000F","141","82","3","00CCCC","0x006D6C6C","0x00000000","33576"
"railbrdg.des","nested:desert.mix","149848","180","180","36","8","15","9","0x000F","0x0009","145","85","3","00CCCC","0x00565656","0x00000000","36824"
"railbrdg.des","nested:desert.mix","149848","180","180","36","9","15","19","0x000F","0x0013","150","93","3","00CCCC","0x00636464","0x00000000","42728"
"railbrdg.des","nested:desert.mix","149848","180","180","36","10","15","19","0x000F","0x0013","150","93","3","00CCCC","0x00636363","0x00000000","47424"
"railbrdg.des","nested:desert.mix","149848","180","180","36","11","15","19","0x000F","0x0013","150","93","3","00CCCC","0x00626262","0x00000000","52120"
"railbrdg.des","nested:desert.mix","149848","180","180","36","12","15","19","0x000F","0x0013","150","93","3","00CCCC","0x00646464","0x00000000","56816"
"railbrdg.des","nested:desert.mix","149848","180","180","36","13","15","19","0x000F","0x0013","150","93","3","00CCCC","0x00656666","0x00000000","61512"
"railbrdg.des","nested:desert.mix","149848","180","180","36","14","15","19","0x000F","0x0013","150","93","3","00CCCC","0x00666767","0x00000000","66208"
"railbrdg.des","nested:desert.mix","149848","180","180","36","15","15","19","0x000F","0x0013","150","93","3","00CCCC","0x00636363","0x00000000","70856"
"railbrdg.des","nested:desert.mix","149848","180","180","36","16","31","19","0x001F","0x0013","134","87","3","00CCCC","0x006E6F6F","0x00000000","75488"
"railbrdg.des","nested:desert.mix","149848","180","180","36","17","15","20","0x000F","0x0014","139","92","3","00CCCC","0x00676767","0x00000000","79648"
"railbrdg.des","nested:desert.mix","149848","180","180","36","18","30","61","0x001E","0x003D","150","74","3","00CCCC","0x00000000","0x00000000","82616"
"railbrdg.des","nested:desert.mix","149848","180","180","36","19","30","61","0x001E","0x003D","150","74","3","00CCCC","0x00000000","0x00000000","86656"
"railbrdg.des","nested:desert.mix","149848","180","180","36","20","30","61","0x001E","0x003D","150","74","3","00CCCC","0x00000000","0x00000000","90696"
"railbrdg.des","nested:desert.mix","149848","180","180","36","21","30","61","0x001E","0x003D","150","74","3","00CCCC","0x00000000","0x00000000","94736"
"railbrdg.des","nested:desert.mix","149848","180","180","36","22","30","61","0x001E","0x003D","150","74","3","00CCCC","0x00000000","0x00000000","98776"
"railbrdg.des","nested:desert.mix","149848","180","180","36","23","30","61","0x001E","0x003D","150","74","3","00CCCC","0x00000000","0x00000000","102816"
"railbrdg.des","nested:desert.mix","149848","180","180","36","24","30","61","0x001E","0x003D","150","74","3","00CCCC","0x00000000","0x00000000","106856"
"railbrdg.des","nested:desert.mix","149848","180","180","36","25","39","67","0x0027","0x0043","141","68","3","00CCCC","0x00000000","0x00000000","110896"
"railbrdg.des","nested:desert.mix","149848","180","180","36","26","34","65","0x0022","0x0041","132","62","3","00CCCC","0x00000000","0x00000000","113816"
"railbrdg.des","nested:desert.mix","149848","180","180","36","27","30","76","0x001E","0x004C","150","74","3","00CCCC","0x00000000","0x00000000","116592"
"railbrdg.des","nested:desert.mix","149848","180","180","36","28","30","76","0x001E","0x004C","150","74","3","00CCCC","0x00000000","0x00000000","120632"
"railbrdg.des","nested:desert.mix","149848","180","180","36","29","30","76","0x001E","0x004C","150","74","3","00CCCC","0x00000000","0x00000000","124672"
"railbrdg.des","nested:desert.mix","149848","180","180","36","30","30","76","0x001E","0x004C","150","74","3","00CCCC","0x00000000","0x00000000","128712"
"railbrdg.des","nested:desert.mix","149848","180","180","36","31","30","76","0x001E","0x004C","150","74","3","00CCCC","0x00000000","0x00000000","132752"
"railbrdg.des","nested:desert.mix","149848","180","180","36","32","30","76","0x001E","0x004C","150","74","3","00CCCC","0x00000000","0x00000000","136792"
"railbrdg.des","nested:desert.mix","149848","180","180","36","33","30","76","0x001E","0x004C","150","74","3","00CCCC","0x00000000","0x00000000","140832"
"railbrdg.des","nested:desert.mix","149848","180","180","36","34","45","76","0x002D","0x004C","135","69","3","00CCCC","0x00000000","0x00000000","144872"
"railbrdg.des","nested:desert.mix","149848","180","180","36","35","30","76","0x001E","0x004C","137","74","3","00CCCC","0x00000000","0x00000000","147272"
"railbrdg.lun","nested:lunar.mix","149848","180","180","36","0","15","4","0x000F","0x0004","150","93","3","00CCCC","0x00717273","0x00000000","872"
"railbrdg.lun","nested:lunar.mix","149848","180","180","36","1","15","4","0x000F","0x0004","150","93","3","00CCCC","0x00717272","0x00000000","5560"
"railbrdg.lun","nested:lunar.mix","149848","180","180","36","2","15","4","0x000F","0x0004","150","93","3","00CCCC","0x00717171","0x00000000","10248"
"railbrdg.lun","nested:lunar.mix","149848","180","180","36","3","15","4","0x000F","0x0004","150","93","3","00CCCC","0x00717171","0x00000000","14936"
"railbrdg.lun","nested:lunar.mix","149848","180","180","36","4","15","7","0x000F","0x0007","150","90","3","00CCCC","0x00707070","0x00000000","19624"
"railbrdg.lun","nested:lunar.mix","149848","180","180","36","5","15","4","0x000F","0x0004","150","93","3","00CCCC","0x00747474","0x00000000","24264"
"railbrdg.lun","nested:lunar.mix","149848","180","180","36","6","15","9","0x000F","0x0009","150","86","3","00CCCC","0x006C6B6B","0x00000000","29032"
"railbrdg.lun","nested:lunar.mix","149848","180","180","36","7","24","15","0x0018","0x000F","141","82","3","00CCCC","0x006D6C6C","0x00000000","33576"
"railbrdg.lun","nested:lunar.mix","149848","180","180","36","8","15","9","0x000F","0x0009","145","85","3","00CCCC","0x00565656","0x00000000","36824"
"railbrdg.lun","nested:lunar.mix","149848","180","180","36","9","15","19","0x000F","0x0013","150","93","3","00CCCC","0x00636464","0x00000000","42728"
"railbrdg.lun","nested:lunar.mix","149848","180","180","36","10","15","19","0x000F","0x0013","150","93","3","00CCCC","0x00636363","0x00000000","47424"
"railbrdg.lun","nested:lunar.mix","149848","180","180","36","11","15","19","0x000F","0x0013","150","93","3","00CCCC","0x00626262","0x00000000","52120"
"railbrdg.lun","nested:lunar.mix","149848","180","180","36","12","15","19","0x000F","0x0013","150","93","3","00CCCC","0x00646464","0x00000000","56816"
"railbrdg.lun","nested:lunar.mix","149848","180","180","36","13","15","19","0x000F","0x0013","150","93","3","00CCCC","0x00656666","0x00000000","61512"
"railbrdg.lun","nested:lunar.mix","149848","180","180","36","14","15","19","0x000F","0x0013","150","93","3","00CCCC","0x00666767","0x00000000","66208"
"railbrdg.lun","nested:lunar.mix","149848","180","180","36","15","15","19","0x000F","0x0013","150","93","3","00CCCC","0x00636363","0x00000000","70856"
"railbrdg.lun","nested:lunar.mix","149848","180","180","36","16","31","19","0x001F","0x0013","134","87","3","00CCCC","0x006E6F6F","0x00000000","75488"
"railbrdg.lun","nested:lunar.mix","149848","180","180","36","17","15","20","0x000F","0x0014","139","92","3","00CCCC","0x00676767","0x00000000","79648"
"railbrdg.lun","nested:lunar.mix","149848","180","180","36","18","30","61","0x001E","0x003D","150","74","3","00CCCC","0x00000000","0x00000000","82616"
"railbrdg.lun","nested:lunar.mix","149848","180","180","36","19","30","61","0x001E","0x003D","150","74","3","00CCCC","0x00000000","0x00000000","86656"
"railbrdg.lun","nested:lunar.mix","149848","180","180","36","20","30","61","0x001E","0x003D","150","74","3","00CCCC","0x00000000","0x00000000","90696"
"railbrdg.lun","nested:lunar.mix","149848","180","180","36","21","30","61","0x001E","0x003D","150","74","3","00CCCC","0x00000000","0x00000000","94736"
"railbrdg.lun","nested:lunar.mix","149848","180","180","36","22","30","61","0x001E","0x003D","150","74","3","00CCCC","0x00000000","0x00000000","98776"
"railbrdg.lun","nested:lunar.mix","149848","180","180","36","23","30","61","0x001E","0x003D","150","74","3","00CCCC","0x00000000","0x00000000","102816"
"railbrdg.lun","nested:lunar.mix","149848","180","180","36","24","30","61","0x001E","0x003D","150","74","3","00CCCC","0x00000000","0x00000000","106856"
"railbrdg.lun","nested:lunar.mix","149848","180","180","36","25","39","67","0x0027","0x0043","141","68","3","00CCCC","0x00000000","0x00000000","110896"
"railbrdg.lun","nested:lunar.mix","149848","180","180","36","26","34","65","0x0022","0x0041","132","62","3","00CCCC","0x00000000","0x00000000","113816"
"railbrdg.lun","nested:lunar.mix","149848","180","180","36","27","30","76","0x001E","0x004C","150","74","3","00CCCC","0x00000000","0x00000000","116592"
"railbrdg.lun","nested:lunar.mix","149848","180","180","36","28","30","76","0x001E","0x004C","150","74","3","00CCCC","0x00000000","0x00000000","120632"
"railbrdg.lun","nested:lunar.mix","149848","180","180","36","29","30","76","0x001E","0x004C","150","74","3","00CCCC","0x00000000","0x00000000","124672"
"railbrdg.lun","nested:lunar.mix","149848","180","180","36","30","30","76","0x001E","0x004C","150","74","3","00CCCC","0x00000000","0x00000000","128712"
"railbrdg.lun","nested:lunar.mix","149848","180","180","36","31","30","76","0x001E","0x004C","150","74","3","00CCCC","0x00000000","0x00000000","132752"
"railbrdg.lun","nested:lunar.mix","149848","180","180","36","32","30","76","0x001E","0x004C","150","74","3","00CCCC","0x00000000","0x00000000","136792"
"railbrdg.lun","nested:lunar.mix","149848","180","180","36","33","30","76","0x001E","0x004C","150","74","3","00CCCC","0x00000000","0x00000000","140832"
"railbrdg.lun","nested:lunar.mix","149848","180","180","36","34","45","76","0x002D","0x004C","135","69","3","00CCCC","0x00000000","0x00000000","144872"
"railbrdg.lun","nested:lunar.mix","149848","180","180","36","35","30","76","0x001E","0x004C","137","74","3","00CCCC","0x00000000","0x00000000","147272"
"railbrdg.ubn","ra2md.mix -> #0xA01A9A03","149848","180","180","36","0","15","4","0x000F","0x0004","150","93","3","00CCCC","0x00717273","0x00000000","872"
"railbrdg.ubn","ra2md.mix -> #0xA01A9A03","149848","180","180","36","1","15","4","0x000F","0x0004","150","93","3","00CCCC","0x00717272","0x00000000","5560"
"railbrdg.ubn","ra2md.mix -> #0xA01A9A03","149848","180","180","36","2","15","4","0x000F","0x0004","150","93","3","00CCCC","0x00717171","0x00000000","10248"
"railbrdg.ubn","ra2md.mix -> #0xA01A9A03","149848","180","180","36","3","15","4","0x000F","0x0004","150","93","3","00CCCC","0x00717171","0x00000000","14936"
"railbrdg.ubn","ra2md.mix -> #0xA01A9A03","149848","180","180","36","4","15","7","0x000F","0x0007","150","90","3","00CCCC","0x00707070","0x00000000","19624"
"railbrdg.ubn","ra2md.mix -> #0xA01A9A03","149848","180","180","36","5","15","4","0x000F","0x0004","150","93","3","00CCCC","0x00747474","0x00000000","24264"
"railbrdg.ubn","ra2md.mix -> #0xA01A9A03","149848","180","180","36","6","15","9","0x000F","0x0009","150","86","3","00CCCC","0x006C6B6B","0x00000000","29032"
"railbrdg.ubn","ra2md.mix -> #0xA01A9A03","149848","180","180","36","7","24","15","0x0018","0x000F","141","82","3","00CCCC","0x006D6C6C","0x00000000","33576"
"railbrdg.ubn","ra2md.mix -> #0xA01A9A03","149848","180","180","36","8","15","9","0x000F","0x0009","145","85","3","00CCCC","0x00565656","0x00000000","36824"
"railbrdg.ubn","ra2md.mix -> #0xA01A9A03","149848","180","180","36","9","15","19","0x000F","0x0013","150","93","3","00CCCC","0x00636464","0x00000000","42728"
"railbrdg.ubn","ra2md.mix -> #0xA01A9A03","149848","180","180","36","10","15","19","0x000F","0x0013","150","93","3","00CCCC","0x00636363","0x00000000","47424"
"railbrdg.ubn","ra2md.mix -> #0xA01A9A03","149848","180","180","36","11","15","19","0x000F","0x0013","150","93","3","00CCCC","0x00626262","0x00000000","52120"
"railbrdg.ubn","ra2md.mix -> #0xA01A9A03","149848","180","180","36","12","15","19","0x000F","0x0013","150","93","3","00CCCC","0x00646464","0x00000000","56816"
"railbrdg.ubn","ra2md.mix -> #0xA01A9A03","149848","180","180","36","13","15","19","0x000F","0x0013","150","93","3","00CCCC","0x00656666","0x00000000","61512"
"railbrdg.ubn","ra2md.mix -> #0xA01A9A03","149848","180","180","36","14","15","19","0x000F","0x0013","150","93","3","00CCCC","0x00666767","0x00000000","66208"
"railbrdg.ubn","ra2md.mix -> #0xA01A9A03","149848","180","180","36","15","15","19","0x000F","0x0013","150","93","3","00CCCC","0x00636363","0x00000000","70856"
"railbrdg.ubn","ra2md.mix -> #0xA01A9A03","149848","180","180","36","16","31","19","0x001F","0x0013","134","87","3","00CCCC","0x006E6F6F","0x00000000","75488"
"railbrdg.ubn","ra2md.mix -> #0xA01A9A03","149848","180","180","36","17","15","20","0x000F","0x0014","139","92","3","00CCCC","0x00676767","0x00000000","79648"
"railbrdg.ubn","ra2md.mix -> #0xA01A9A03","149848","180","180","36","18","30","61","0x001E","0x003D","150","74","3","00CCCC","0x00000000","0x00000000","82616"
"railbrdg.ubn","ra2md.mix -> #0xA01A9A03","149848","180","180","36","19","30","61","0x001E","0x003D","150","74","3","00CCCC","0x00000000","0x00000000","86656"
"railbrdg.ubn","ra2md.mix -> #0xA01A9A03","149848","180","180","36","20","30","61","0x001E","0x003D","150","74","3","00CCCC","0x00000000","0x00000000","90696"
"railbrdg.ubn","ra2md.mix -> #0xA01A9A03","149848","180","180","36","21","30","61","0x001E","0x003D","150","74","3","00CCCC","0x00000000","0x00000000","94736"
"railbrdg.ubn","ra2md.mix -> #0xA01A9A03","149848","180","180","36","22","30","61","0x001E","0x003D","150","74","3","00CCCC","0x00000000","0x00000000","98776"
"railbrdg.ubn","ra2md.mix -> #0xA01A9A03","149848","180","180","36","23","30","61","0x001E","0x003D","150","74","3","00CCCC","0x00000000","0x00000000","102816"
"railbrdg.ubn","ra2md.mix -> #0xA01A9A03","149848","180","180","36","24","30","61","0x001E","0x003D","150","74","3","00CCCC","0x00000000","0x00000000","106856"
"railbrdg.ubn","ra2md.mix -> #0xA01A9A03","149848","180","180","36","25","39","67","0x0027","0x0043","141","68","3","00CCCC","0x00000000","0x00000000","110896"
"railbrdg.ubn","ra2md.mix -> #0xA01A9A03","149848","180","180","36","26","34","65","0x0022","0x0041","132","62","3","00CCCC","0x00000000","0x00000000","113816"
"railbrdg.ubn","ra2md.mix -> #0xA01A9A03","149848","180","180","36","27","30","76","0x001E","0x004C","150","74","3","00CCCC","0x00000000","0x00000000","116592"
"railbrdg.ubn","ra2md.mix -> #0xA01A9A03","149848","180","180","36","28","30","76","0x001E","0x004C","150","74","3","00CCCC","0x00000000","0x00000000","120632"
"railbrdg.ubn","ra2md.mix -> #0xA01A9A03","149848","180","180","36","29","30","76","0x001E","0x004C","150","74","3","00CCCC","0x00000000","0x00000000","124672"
"railbrdg.ubn","ra2md.mix -> #0xA01A9A03","149848","180","180","36","30","30","76","0x001E","0x004C","150","74","3","00CCCC","0x00000000","0x00000000","128712"
"railbrdg.ubn","ra2md.mix -> #0xA01A9A03","149848","180","180","36","31","30","76","0x001E","0x004C","150","74","3","00CCCC","0x00000000","0x00000000","132752"
"railbrdg.ubn","ra2md.mix -> #0xA01A9A03","149848","180","180","36","32","30","76","0x001E","0x004C","150","74","3","00CCCC","0x00000000","0x00000000","136792"
"railbrdg.ubn","ra2md.mix -> #0xA01A9A03","149848","180","180","36","33","30","76","0x001E","0x004C","150","74","3","00CCCC","0x00000000","0x00000000","140832"
"railbrdg.ubn","ra2md.mix -> #0xA01A9A03","149848","180","180","36","34","45","76","0x002D","0x004C","135","69","3","00CCCC","0x00000000","0x00000000","144872"
"railbrdg.ubn","ra2md.mix -> #0xA01A9A03","149848","180","180","36","35","30","76","0x001E","0x004C","137","74","3","00CCCC","0x00000000","0x00000000","147272"
