function_addr,section,key,offset,type,section_match,source_line
0x0066D530,General,DamageFireTypes,0x2B0,AnimType*,yes,49
0x0066D530,General,OreTwinkle,0x1870,AnimType*,yes,78
0x0066D530,General,BarrelExplode,0x54,AnimType*,yes,85
0x0066D530,General,BarrelDebris,0x68,string,yes,91
0x0066D530,General,BarrelParticle,0x74,AnimType*,yes,120
0x0066D530,General,NukeTakeOff,0x98,AnimType*,yes,127
0x0066D530,General,&DAT_0083cf08,0x94,AnimType*,yes,134
0x0066D530,General,DropPod,0x114,AnimType*,yes,139
0x0066D530,General,DeadBodies,0x130,AnimType*,yes,167
0x0066D530,General,MetallicDebris,0x14C,AnimType*,yes,195
0x0066D530,General,BridgeExplosions,0x168,string,yes,223
0x0066D530,General,IonBlast,0x298,AnimType*,yes,253
0x0066D530,General,IonBeam,0x29C,AnimType*,yes,260
0x0066D530,General,WeatherConClouds,0x2CC,string,yes,266
0x0066D530,General,WeatherConBolts,0x2E8,AnimType*,yes,295
0x0066D530,General,WeatherConBoltExplosion,0x2F4,AnimType*,yes,324
0x0066D530,General,DominatorWarhead,0x2F8,WarheadType*,yes,332
0x0066D530,General,DominatorFirstAnim,0x2FC,AnimType*,yes,340
0x0066D530,General,DominatorSecondAnim,0x300,AnimType*,yes,348
0x0066D530,General,DominatorFireAtPercentage,0x304,int,yes,355
0x0066D530,General,DominatorCaptureRange,0x308,int,yes,358
0x0066D530,General,DominatorDamage,0x30C,int,yes,361
0x0066D530,General,ChronoPlacement,0x330,AnimType*,yes,365
0x0066D530,General,ChronoBeam,0x334,AnimType*,yes,372
0x0066D530,General,ChronoBlast,0x328,AnimType*,yes,378
0x0066D530,General,ChronoBlastDest,0x32C,AnimType*,yes,385
0x0066D530,General,WarpIn,0x338,AnimType*,yes,392
0x0066D530,General,WarpOut,0x33C,AnimType*,yes,398
0x0066D530,General,WarpAway,0x340,AnimType*,yes,404
0x0066D530,General,IronCurtainInvokeAnim,0x348,AnimType*,yes,410
0x0066D530,General,ForceShieldInvokeAnim,0x34C,AnimType*,yes,418
0x0066D530,General,WeaponNullifyAnim,0x350,AnimType*,yes,426
0x0066D530,General,ChronoSparkle1,0x344,AnimType*,yes,434
0x0066D530,General,InfantryExplode,0x9C,AnimType*,yes,441
0x0066D530,General,FlamingInfantry,0xA0,AnimType*,yes,448
0x0066D530,General,InfantryHeadPop,0xA4,AnimType*,yes,455
0x0066D530,General,InfantryNuked,0xA8,AnimType*,yes,462
0x0066D530,General,InfantryVirus,0xAC,AnimType*,yes,469
0x0066D530,General,InfantryBrute,0xB0,AnimType*,yes,476
0x0066D530,General,InfantryMutate,0xB4,AnimType*,yes,483
0x0066D530,General,Behind,0xB8,AnimType*,yes,490
0x0066D530,General,MoveFlash,0xBB4,AnimType*,yes,497
0x0066D530,General,Parachute,0xBBC,AnimType*,yes,504
0x0066D530,General,BombParachute,0xBB8,AnimType*,yes,511
0x0066D530,General,DropZoneAnim,0x147C,AnimType*,yes,518
0x0066D530,General,EMPulseSparkles,0x17F4,AnimType*,yes,525
0x0066D530,General,LargeVisceroid,0x10,string,yes,532
0x0066D530,General,SmallVisceroid,0x14,string,yes,540
0x0066D530,General,TiberiumHeal,0x28,double,yes,547
0x0066D530,General,SelfHealInfantryFrames,0x30,int,yes,551
0x0066D530,General,SelfHealInfantryAmount,0x34,int,yes,554
0x0066D530,General,SelfHealUnitFrames,0x38,int,yes,557
0x0066D530,General,SelfHealUnitAmount,0x3C,int,yes,562
0x0066D530,General,ZoomInFactor,0x550,double,yes,660
0x0066D530,General,RevealByHeight,0x17EE,bool,yes,664
0x0066D530,General,AllowShroudedSubteranneanMoves,0x17EF,bool,yes,668
0x0066D530,General,AircraftFogReveal,0xF4,int,yes,672
0x0066D530,General,MinLowPowerProductionSpeed,0x570,double,yes,675
0x0066D530,General,MaxLowPowerProductionSpeed,0x574,double,yes,679
0x0066D530,General,LowPowerPenaltyModifier,0x578,double,yes,683
0x0066D530,General,MultipleFactory,0x57C,double,yes,687
0x0066D530,General,MaximumCheerRate,0x580,int,yes,691
0x0066D530,General,TreeFlammability,0x588,double,yes,694
0x0066D530,General,MissileROTVar,0x598,double,yes,698
0x0066D530,General,MissileSafetyAltitude,0x5A0,int,yes,702
0x0066D530,General,MissileSpeedVar,0x590,double,yes,705
0x0066D530,General,DropPodWeapon,0x5A4,WeaponType*,yes,710
0x0066D530,General,DropPodHeight,0x5A8,int,yes,716
0x0066D530,General,DropPodSpeed,0x5AC,int,yes,719
0x0066D530,General,DropPodAngle,0x5B0,double,yes,722
0x0066D530,General,CrewEscape,0x5C0,double,yes,734
0x0066D530,General,TunnelSpeed,0x20,double,yes,738
0x0066D530,General,HoverDampen,0x5F0,double,yes,742
0x0066D530,General,HoverBob,0x5D0,double,yes,746
0x0066D530,General,HoverHeight,0x5CC,int,yes,750
0x0066D530,General,HoverBoost,0x5D8,double,yes,753
0x0066D530,General,HoverAcceleration,0x5E0,double,yes,757
0x0066D530,General,HoverBrake,0x5E8,double,yes,761
0x0066D530,General,VeteranRatio,0x668,double,yes,765
0x0066D530,General,VeteranCombat,0x670,double,yes,769
0x0066D530,General,VeteranSpeed,0x678,double,yes,773
0x0066D530,General,VeteranSight,0x680,double,yes,777
0x0066D530,General,VeteranArmor,0x688,double,yes,781
0x0066D530,General,VeteranROF,0x690,double,yes,785
0x0066D530,General,VeteranCap,0x698,double,yes,789
0x0066D530,General,ExplosiveVoxelDebris,0x610,string,yes,793
0x0066D530,General,BridgeVoxelMax,0x624,int,yes,822
0x0066D530,General,TireVoxelDebris,0x61C,string,yes,826
0x0066D530,General,ScrapVoxelDebris,0x620,string,yes,833
0x0066D530,General,CloakingStages,0x628,int,yes,840
0x0066D530,General,ShipSinkingWeight,0x630,double,yes,843
0x0066D530,General,IceCrackingWeight,0x638,double,yes,847
0x0066D530,General,IceBreakingWeight,0x640,double,yes,851
0x0066D530,General,CliffBackImpassability,0x664,int,yes,855
0x0066D530,General,PlacementDelay,0x5F8,double,yes,858
0x0066D530,General,TrackedUphill,0x768,double,yes,862
0x0066D530,General,TrackedDownhill,0x770,double,yes,866
0x0066D530,General,WheeledUphill,0x778,double,yes,870
0x0066D530,General,WheeledDownhill,0x780,double,yes,874
0x0066D530,General,WindDirection,0x7AC,int,yes,878
0x0066D530,General,CameraRange,0x7B0,range,yes,881
0x0066D530,General,FlightLevel,0x7B4,int,yes,885
0x0066D530,General,ParachuteMaxFallRate,0x7B8,int,yes,888
0x0066D530,General,NoParachuteMaxFallRate,0x7BC,int,yes,891
0x0066D530,General,RepairBay,0x860,string,yes,894
0x0066D530,General,GDIGateOne,0x86C,string,yes,923
0x0066D530,General,GDIGateTwo,0x870,string,yes,930
0x0066D530,General,NodGateOne,0x874,string,yes,937
0x0066D530,General,NodGateTwo,0x878,string,yes,944
0x0066D530,General,WallTower,0x87C,string,yes,951
0x0066D530,General,Shipyard,0x890,string,yes,957
0x0066D530,General,GDIPowerPlant,0x89C,string,yes,986
0x0066D530,General,NodRegularPower,0x8A0,string,yes,993
0x0066D530,General,NodAdvancedPower,0x8A4,string,yes,1000
0x0066D530,General,ThirdPowerPlant,0x8A8,string,yes,1008
0x0066D530,General,PrerequisiteProcAlternate,0x400,string,yes,1015
0x0066D530,General,BaseUnit,0xB30,string,yes,1022
0x0066D530,General,HarvesterUnit,0xB4C,string,yes,1051
0x0066D530,General,PadAircraft,0xB58,AircraftType*,yes,1079
0x0066D530,General,Paratrooper,0xBE4,InfantryType*,yes,1082
0x0066D530,General,SecretInfantry,0xD00,DynVec<InfantryType*>,yes,1084
0x0066D530,General,SecretUnits,0xD1C,DynVec<UnitType*>,yes,1087
0x0066D530,General,SecretBuildings,0xD38,DynVec<BuildingType*>,yes,1090
0x0066D530,General,ChronoDelay,0xBEC,int,yes,1097
0x0066D530,General,ChronoReinfDelay,0xBF0,int,yes,1101
0x0066D530,General,ChronoDistanceFactor,0xBF4,int,yes,1105
0x0066D530,General,ChronoTrigger,0xBF8,bool,yes,1109
0x0066D530,General,ChronoMinimumDelay,0xBFC,int,yes,1113
0x0066D530,General,ChronoRangeMinimum,0xC00,int,yes,1117
0x0066D530,General,AlliedDisguise,0xD58,InfantryType*,yes,1121
0x0066D530,General,SovietDisguise,0xD5C,InfantryType*,yes,1123
0x0066D530,General,ThirdDisguise,0xD60,InfantryType*,yes,1125
0x0066D530,General,SpyPowerBlackout,0xD64,int,yes,1127
0x0066D530,General,SpyMoneyStealPercent,0xD68,double,yes,1130
0x0066D530,General,AttackCursorOnDisguise,0xD6C,bool,yes,1134
0x0066D530,General,PurifierBonus,0xF3C,double,yes,1139
0x0066D530,General,Engineer,0xF70,InfantryType*,yes,1143
0x0066D530,General,Technician,0xF6C,InfantryType*,yes,1145
0x0066D530,General,Pilot,0xF74,InfantryType*,yes,1147
0x0066D530,General,AlliedCrew,0xF78,InfantryType*,yes,1149
0x0066D530,General,SovietCrew,0xF7C,InfantryType*,yes,1151
0x0066D530,General,ThirdCrew,0xF80,InfantryType*,yes,1153
0x0066D530,General,CurleyShuffle,0x17E1,bool,yes,1155
0x0066D530,General,FineDiffControl,0x17E4,bool,yes,1163
0x0066D530,General,TeamDelays,0x1158,int[3],yes,1166
0x0066D530,General,AIHateDelays,0x1174,int[3],yes,1174
0x0066D530,General,AIAlternateProductionCreditCutof,0x1300,int,yes,1179
0x0066D530,General,AIUseTurbineUpgradeProbability,0x13E8,double,yes,1183
0x0066D530,General,NodAIBuildsWalls,0x17F1,bool,yes,1187
0x0066D530,General,AIBuildsWalls,0x17F2,bool,yes,1195
0x0066D530,General,FillEarliestTeamProbability,0x13F0,int[3],yes,1198
0x0066D530,General,MinimumAIDefensiveTeams,0x1390,int[3],yes,1206
0x0066D530,General,MaximumAIDefensiveTeams,0x13AC,int[3],yes,1214
0x0066D530,General,TotalAITeamCap,0x13C8,int[3],yes,1222
0x0066D530,General,UseMinDefenseRule,0x17F3,bool,yes,1227
0x0066D530,General,DissolveUnfilledTeamDelay,0x1190,int,yes,1231
0x0066D530,General,AISafeDistance,0xD74,int,yes,1234
0x0066D530,General,AIMinorSuperReadyPercent,0xD70,double,yes,1238
0x0066D530,General,HarvesterTooFarDistance,0xD78,int,yes,1242
0x0066D530,General,ChronoHarvTooFarDistance,0xD7C,int,yes,1248
0x0066D530,General,AlliedBaseDefenseCounts,0xD80,int[3],yes,1252
0x0066D530,General,SovietBaseDefenseCounts,0xD9C,int[3],yes,1260
0x0066D530,General,ThirdBaseDefenseCounts,0xDB8,int[3],yes,1268
0x0066D530,General,AIPickWallDefensePercent,0xDD4,int[3],yes,1276
0x0066D530,General,AIRestrictReplaceTime,0xDF0,int,yes,1281
0x0066D530,General,ThreatPerOccupant,0xDF4,int,yes,1284
0x0066D530,General,ApproachTargetResetMultiplier,0xDF8,int,yes,1287
0x0066D530,General,CampaignMoneyDeltaEasy,0xDFC,int,yes,1290
0x0066D530,General,CampaignMoneyDeltaHard,0xE00,int,yes,1293
0x0066D530,General,GuardAreaTargetingDelay,0xE04,int,yes,1296
0x0066D530,General,NormalTargetingDelay,0xE08,int,yes,1299
0x0066D530,General,AINavalYardAdjacency,0xE0C,int,yes,1305
0x0066D530,General,DisabledDisguiseDetectionPercent,0xE10,int[3],yes,1309
0x0066D530,General,AIAutoDeployFrameDelay,0xE2C,int[3],yes,1317
0x0066D530,General,MaximumBuildingPlacementFailures,0xE48,int,yes,1322
0x0066D530,General,TiberiumShortScan,0x1778,range,yes,1325
0x0066D530,General,TiberiumLongScan,0x177C,range,yes,1329
0x0066D530,General,SlaveMinerShortScan,0x1780,range,yes,1333
0x0066D530,General,SlaveMinerSlaveScan,0x1784,range,yes,1337
0x0066D530,General,SlaveMinerLongScan,0x1788,range,yes,1341
0x0066D530,General,SlaveMinerScanCorrection,0x178C,range,yes,1345
0x0066D530,General,SlaveMinerKickFrameDelay,0x1790,int,yes,1352
0x0066D530,General,AISuperDefenseProbability,0xEC4,int[3],yes,1356
0x0066D530,General,AISuperDefenseFrames,0xEE0,int,yes,1361
0x0066D530,General,AISuperDefenseDistance,0xEE4,range,yes,1367
0x0066D530,General,AICaptureNormal,0xE4C,int[3],yes,1372
0x0066D530,General,AICaptureWounded,0xE68,int[3],yes,1380
0x0066D530,General,AICaptureLowPower,0xE84,int[3],yes,1388
0x0066D530,General,AICaptureLowMoney,0xEA0,int[3],yes,1396
0x0066D530,General,AICaptureLowMoneyMark,0xEBC,int,yes,1401
0x0066D530,General,AICaptureWoundedMark,0xEC0,double,yes,1408
0x0066D530,General,MultiplayerAICM,0x1304,int[3],yes,1412
0x0066D530,General,AIVirtualPurifiers,0x1320,int[3],yes,1420
0x0066D530,General,AISlaveMinerNumber,0x133C,int[3],yes,1428
0x0066D530,General,HarvestersPerRefinery,0x1358,int[3],yes,1436
0x0066D530,General,AIExtraRefineries,0x1374,int[3],yes,1444
0x0066D530,General,AmerParaDropInf,0xC04,DynVec<InfantryType*>,yes,1451
0x0066D530,General,AmerParaDropNum,0xC20,int[3],yes,1457
0x0066D530,General,AllyParaDropInf,0xC3C,DynVec<InfantryType*>,yes,1464
0x0066D530,General,AllyParaDropNum,0xC58,int[3],yes,1470
0x0066D530,General,SovParaDropInf,0xC74,DynVec<InfantryType*>,yes,1477
0x0066D530,General,SovParaDropNum,0xC90,int[3],yes,1483
0x0066D530,General,YuriParaDropInf,0xCAC,DynVec<InfantryType*>,yes,1490
0x0066D530,General,YuriParaDropNum,0xCC8,int[3],yes,1496
0x0066D530,General,AnimToInfantry,0xCE4,DynVec<InfantryType*>,yes,1503
0x0066D530,General,AIIonCannonConYardValue,0x1194,int[3],yes,1509
0x0066D530,General,AIIonCannonWarFactoryValue,0x11B0,int[3],yes,1517
0x0066D530,General,AIIonCannonPowerValue,0x11CC,int[3],yes,1525
0x0066D530,General,AIIonCannonTechCenterValue,0x11E8,int[3],yes,1533
0x0066D530,General,AIIonCannonEngineerValue,0x1204,int[3],yes,1541
0x0066D530,General,AIIonCannonThiefValue,0x1220,int[3],yes,1549
0x0066D530,General,AIIonCannonHarvesterValue,0x123C,int[3],yes,1557
0x0066D530,General,AIIonCannonMCVValue,0x1258,int[3],yes,1565
0x0066D530,General,AIIonCannonAPCValue,0x1274,int[3],yes,1573
0x0066D530,General,AIIonCannonBaseDefenseValue,0x1290,int[3],yes,1581
0x0066D530,General,AIIonCannonPlugValue,0x12AC,int[3],yes,1589
0x0066D530,General,AIIonCannonHelipadValue,0x12C8,int[3],yes,1597
0x0066D530,General,AIIonCannonTempleValue,0x12E4,int[3],yes,1605
0x0066D530,General,CloakDelay,0x1410,double,yes,1610
0x0066D530,General,GameSpeedBias,0x1418,double,yes,1614
0x0066D530,General,BaseBias,0x1420,double,yes,1618
0x0066D530,General,SeparateAircraft,0x17E8,bool,yes,1622
0x0066D530,General,BaseDefenseDelay,0x14D8,double,yes,1626
0x0066D530,General,SuspendPriority,0x14E0,int,yes,1630
0x0066D530,General,SuspendDelay,0x14E8,double,yes,1633
0x0066D530,General,SurvivorRate,0x14F0,double,yes,1637
0x0066D530,General,AlliedSurvivorDivisor,0x14F8,int,yes,1641
0x0066D530,General,SovietSurvivorDivisor,0x14FC,int,yes,1644
0x0066D530,General,ThirdSurvivorDivisor,0x1500,int,yes,1647
0x0066D530,General,ReloadRate,0x1508,double,yes,1650
0x0066D530,General,BuildupTime,0x1518,double,yes,1654
0x0066D530,General,HarvesterDumpRate,0x1528,double,yes,1658
0x0066D530,General,HarvesterLoadRate,0x1520,int,yes,1662
0x0066D530,General,BuildSpeed,0x1748,double,yes,1665
0x0066D530,General,DamageDelay,0x16B0,double,yes,1669
0x0066D530,General,GrowthRate,0x1638,double,yes,1673
0x0066D530,General,RefundPercent,0x1738,double,yes,1677
0x0066D530,General,RepairPercent,0x16D0,double,yes,1681
0x0066D530,General,RepairStep,0x16CC,int,yes,1685
0x0066D530,General,IRepairStep,0x16D8,int,yes,1688
0x0066D530,General,RepairRate,0x16E0,double,yes,1691
0x0066D530,General,URepairRate,0x16E8,double,yes,1695
0x0066D530,General,IRepairRate,0x16F0,double,yes,1699
0x0066D530,General,Stray,0x171C,range,yes,1703
0x0066D530,General,RelaxedStray,0x1720,range,yes,1706
0x0066D530,General,GuardModeStray,0x1724,range,yes,1710
0x0066D530,General,CloseEnough,0x1718,range,yes,1714
0x0066D530,General,BlendedFog,0x17E2,bool,yes,1718
0x0066D530,General,AttackingAircraftSightRange,0x18,int,yes,1722
0x0066D530,General,LeptonsPerSightIncrease,0x16BC,int,yes,1725
0x0066D530,General,TiberiumTransmogrify,0x1688,int,yes,1728
0x0066D530,General,LightningDeferment,0x1794,int,yes,1731
0x0066D530,General,LightningDamage,0x1798,int,yes,1734
0x0066D530,General,LightningStormDuration,0x179C,int,yes,1737
0x0066D530,General,LightningHitDelay,0x17A0,int,yes,1740
0x0066D530,General,LightningScatterDelay,0x17A4,int,yes,1743
0x0066D530,General,LightningCellSpread,0x17A8,int,yes,1746
0x0066D530,General,LightningSeparation,0x17AC,int,yes,1749
0x0066D530,General,LightningWarhead,0x17B4,WarheadType*,yes,1752
0x0066D530,General,LightningPrintText,0x17B0,bool,yes,1754
0x0066D530,General,ForceShieldRadius,0x17B8,int,yes,1758
0x0066D530,General,ForceShieldDuration,0x17BC,int,yes,1761
0x0066D530,General,ForceShieldBlackoutDuration,0x17C0,int,yes,1764
0x0066D530,General,ForceShieldPlayFadeSoundTime,0x17C4,int,yes,1767
0x0066D530,General,MutateExplosion,0x17C8,bool,yes,1770
0x0066D530,General,PrismType,0x498,BuildingType*,yes,1774
0x0066D530,General,PrismSupportModifier,0x49C,double,yes,1776
0x0066D530,General,PrismSupportMax,0x4A0,int,yes,1781
0x0066D530,General,PrismSupportDelay,0x4A4,int,yes,1784
0x0066D530,General,PrismSupportDuration,0x4A8,int,yes,1787
0x0066D530,General,PrismSupportHeight,0x4AC,int,yes,1790
0x0066D530,General,V3RocketPauseFrames,0x4B0,int,yes,1793
0x0066D530,General,V3RocketTiltFrames,0x4B4,int,yes,1796
0x0066D530,General,V3RocketPitchInitial,0x4B8,double,yes,1799
0x0066D530,General,V3RocketPitchFinal,0x4BC,double,yes,1803
0x0066D530,General,V3RocketTurnRate,0x4C0,double,yes,1807
0x0066D530,General,V3RocketRaiseRate,0x4C4,double,yes,1811
0x0066D530,General,V3RocketAcceleration,0x4C8,double,yes,1815
0x0066D530,General,V3RocketAltitude,0x4CC,int,yes,1819
0x0066D530,General,V3RocketDamage,0x4D0,int,yes,1822
0x0066D530,General,V3RocketEliteDamage,0x4D4,int,yes,1825
0x0066D530,General,V3RocketBodyLength,0x4D8,int,yes,1828
0x0066D530,General,V3RocketLazyCurve,0x4DC,bool,yes,1831
0x0066D530,General,V3RocketType,0x4E0,BulletType*,yes,1835
0x0066D530,General,DMislPauseFrames,0x4E4,int,yes,1837
0x0066D530,General,DMislTiltFrames,0x4E8,int,yes,1840
0x0066D530,General,DMislPitchInitial,0x4EC,double,yes,1843
0x0066D530,General,DMislPitchFinal,0x4F0,double,yes,1847
0x0066D530,General,DMislTurnRate,0x4F4,double,yes,1851
0x0066D530,General,DMislRaiseRate,0x4F8,double,yes,1855
0x0066D530,General,DMislAcceleration,0x4FC,double,yes,1859
0x0066D530,General,DMislAltitude,0x500,int,yes,1863
0x0066D530,General,DMislDamage,0x504,int,yes,1866
0x0066D530,General,DMislEliteDamage,0x508,int,yes,1869
0x0066D530,General,DMislBodyLength,0x50C,int,yes,1872
0x0066D530,General,DMislLazyCurve,0x510,bool,yes,1875
0x0066D530,General,DMislType,0x514,BulletType*,yes,1879
0x0066D530,General,CMislPauseFrames,0x518,int,yes,1881
0x0066D530,General,CMislTiltFrames,0x51C,int,yes,1884
0x0066D530,General,CMislPitchInitial,0x520,double,yes,1887
0x0066D530,General,CMislPitchFinal,0x524,double,yes,1891
0x0066D530,General,CMislTurnRate,0x528,double,yes,1895
0x0066D530,General,CMislRaiseRate,0x52C,double,yes,1899
0x0066D530,General,CMislAcceleration,0x530,double,yes,1903
0x0066D530,General,CMislAltitude,0x534,int,yes,1907
0x0066D530,General,CMislDamage,0x538,int,yes,1910
0x0066D530,General,CMislEliteDamage,0x53C,int,yes,1913
0x0066D530,General,CMislBodyLength,0x540,int,yes,1916
0x0066D530,General,CMislLazyCurve,0x544,bool,yes,1919
0x0066D530,General,CMislType,0x548,BulletType*,yes,1923
0x0066D530,General,ParadropRadius,0x54C,int,yes,1925
0x0066D530,General,SpotlightMovementRadius,0x788,int,yes,1928
0x0066D530,General,SpotlightLocationRadius,0x78C,int,yes,1931
0x0066D530,General,SpotlightSpeed,0x790,double,yes,1934
0x0066D530,General,SpotlightAcceleration,0x798,double,yes,1938
0x0066D530,General,SpotlightAngle,0x7A0,double,yes,1942
0x0066D530,General,SpotlightRadius,0x7A8,int,yes,1946
0x0066D530,General,RevealTriggerRadius,0x62C,int,yes,1949
0x0066D530,General,ChargeToDrainRatio,0x760,double,yes,1952
0x0066D530,General,WallBuildSpeedCoefficient,0x758,double,yes,1956
0x0066D530,General,ConditionYellowSparkingProbabili,0x560,double,yes,1960
0x0066D530,General,ConditionRedSparkingProbability,0x558,double,yes,1964
0x0066D530,General,AITriggerSuccessWeightDelta,0xC0,double,yes,1968
0x0066D530,General,AITriggerFailureWeightDelta,0xC8,double,yes,1972
0x0066D530,General,AITriggerTrackRecordCoefficient,0xD0,double,yes,1976
0x0066D530,General,WeedCapacity,0x17D0,int,yes,1980
0x0066D530,General,FlashFrameTime,0x88,int,yes,1983
0x0066D530,General,RadarCombatFlashTime,0x8C,int,yes,1986
0x0066D530,General,RadarEventSpeed,0x80,double,yes,1989
0x0066D530,General,RadarEventRotationSpeed,0x84,double,yes,1997
0x0066D530,General,RadarEventSuppressionDistances,0x43C,int[3],yes,2001
0x0066D530,General,RadarEventVisibilityDurations,0x458,int[3],yes,2009
0x0066D530,General,RadarEventDurations,0x474,int[3],yes,2017
0x0066D530,General,RadarEventMinRadius,0x7C,int,yes,2022
0x0066D530,General,RadarEventColorSpeed,0x78,double,yes,2025
0x0066D530,General,MyEffectivenessCoefficientDefaul,0x1040,double,yes,2029
0x0066D530,General,TargetEffectivenessCoefficientDe,0x1048,double,yes,2033
0x0066D530,General,TargetSpecialThreatCoefficientDe,0x1050,double,yes,2037
0x0066D530,General,TargetStrengthCoefficientDefault,0x1058,double,yes,2041
0x0066D530,General,TargetDistanceCoefficientDefault,0x1060,double,yes,2045
0x0066D530,General,DumbMyEffectivenessCoefficient,0x1068,double,yes,2049
0x0066D530,General,DumbTargetEffectivenessCoefficie,0x1070,double,yes,2053
0x0066D530,General,DumbTargetSpecialThreatCoefficie,0x1078,double,yes,2057
0x0066D530,General,DumbTargetStrengthCoefficient,0x1080,double,yes,2061
0x0066D530,General,DumbTargetDistanceCoefficient,0x1088,double,yes,2065
0x0066D530,General,EnemyHouseThreatBonus,0x1090,double,yes,2069
0x0066D530,General,VeinholeMonsterStrength,0xD8,int,yes,2073
0x0066D530,General,MaxVeinholeGrowth,0xDC,int,yes,2076
0x0066D530,General,VeinholeGrowthRate,0xE0,int,yes,2079
0x0066D530,General,VeinholeShrinkRate,0xE4,int,yes,2082
0x0066D530,General,VeinDamage,0xEC,int,yes,2085
0x0066D530,General,VeinholeTypeClass,0xFF4,TerrainType*,yes,2088
0x0066D530,General,DefaultMirageDisguises,0xFF8,DynVec<AnimType*>,yes,2090
0x0066D530,General,InfantryBlinkDisguiseTime,0x1014,int,yes,2093
0x0066D530,General,MaximumQueuedObjects,0xF0,int,yes,2096
0x0066D530,General,MaxWaypointPathLength,0x90,int,yes,2099
0x0066D530,General,TreeStrength,0x1144,int,yes,2102
0x0066D530,General,EngineerCaptureLevel,0x17F8,double,yes,2105
0x0066D530,General,EngineerCaptureLevel,0x17FC,double,yes,2109
0x0066D530,General,TalkBubbleTime,0x1800,double,yes,2115
0x006691E0,AudioVisual,DetailMinFrameRateNormal,0x0,int,yes,34
0x006691E0,AudioVisual,DetailMinFrameRateMovie,0x4,int,yes,37
0x006691E0,AudioVisual,DetailBufferZoneWidth,0x8,int,yes,40
0x006691E0,AudioVisual,PoseDir,0x44,int,yes,43
0x006691E0,AudioVisual,DeployDir,0x48,int,yes,45
0x006691E0,AudioVisual,DropPodPuff,0x4C,AnimType*,yes,49
0x006691E0,AudioVisual,WaypointAnimationSpeed,0x50,int,yes,55
0x006691E0,AudioVisual,VeinAttack,0xE8,AnimType*,yes,59
0x006691E0,AudioVisual,DigSound,0x174,sound_idx,yes,66
0x006691E0,AudioVisual,GUIMainButtonSound,0x188,sound_idx,yes,73
0x006691E0,AudioVisual,GUIBuildSound,0x18C,sound_idx,yes,81
0x006691E0,AudioVisual,GUITabSound,0x190,sound_idx,yes,89
0x006691E0,AudioVisual,GUIOpenSound,0x194,sound_idx,yes,96
0x006691E0,AudioVisual,GUICloseSound,0x198,sound_idx,yes,104
0x006691E0,AudioVisual,GUIMoveOutSound,0x19C,sound_idx,yes,112
0x006691E0,AudioVisual,GUIMoveInSound,0x1A0,sound_idx,yes,120
0x006691E0,AudioVisual,GUIComboOpenSound,0x1A4,sound_idx,yes,128
0x006691E0,AudioVisual,GUIComboCloseSound,0x1A8,sound_idx,yes,136
0x006691E0,AudioVisual,GUICheckboxSound,0x1AC,sound_idx,yes,144
0x006691E0,AudioVisual,ScoreAnimSound,0x1B0,sound_idx,yes,152
0x006691E0,AudioVisual,CheerSound,0x1C8,sound_idx,yes,160
0x006691E0,AudioVisual,DefaultChronoSound,0x1D0,sound_idx,yes,167
0x006691E0,AudioVisual,StartPlanningModeSound,0x1D4,sound_idx,yes,175
0x006691E0,AudioVisual,EndPlanningModeSound,0x1E0,sound_idx,yes,183
0x006691E0,AudioVisual,CrateMoneySound,0x1E4,sound_idx,yes,191
0x006691E0,AudioVisual,CrateRevealSound,0x1E8,sound_idx,yes,199
0x006691E0,AudioVisual,CrateFireSound,0x1EC,sound_idx,yes,207
0x006691E0,AudioVisual,CrateArmourSound,0x1F0,sound_idx,yes,215
0x006691E0,AudioVisual,CrateSpeedSound,0x1F4,sound_idx,yes,223
0x006691E0,AudioVisual,CrateUnitSound,0x1F8,sound_idx,yes,231
0x006691E0,AudioVisual,CratePromoteSound,0x1FC,sound_idx,yes,239
0x006691E0,AudioVisual,ImpactWaterSound,0x200,sound_idx,yes,247
0x006691E0,AudioVisual,ImpactLandSound,0x204,sound_idx,yes,255
0x006691E0,AudioVisual,SinkingSound,0x208,sound_idx,yes,263
0x006691E0,AudioVisual,ChronoInSound,0x218,sound_idx,yes,271
0x006691E0,AudioVisual,ChronoOutSound,0x21C,sound_idx,yes,279
0x006691E0,AudioVisual,BombTickingSound,0x20C,sound_idx,yes,287
0x006691E0,AudioVisual,BombAttachSound,0x210,sound_idx,yes,295
0x006691E0,AudioVisual,YuriMindControlSound,0x214,sound_idx,yes,303
0x006691E0,AudioVisual,AddPlanningModeCommandSound,0x1D8,sound_idx,yes,311
0x006691E0,AudioVisual,ExecutePlanSound,0x1DC,sound_idx,yes,319
0x006691E0,AudioVisual,PlaceBeaconSound,0x1CC,sound_idx,yes,327
0x006691E0,AudioVisual,BuildingGarrisonedSound,0x1BC,sound_idx,yes,335
0x006691E0,AudioVisual,BuildingAbandonedSound,0x1C0,sound_idx,yes,343
0x006691E0,AudioVisual,BuildingRepairedSound,0x1C4,sound_idx,yes,351
0x006691E0,AudioVisual,BaseUnderAttackSound,0x184,sound_idx,yes,359
0x006691E0,AudioVisual,UpgradeVeteranSound,0x228,sound_idx,yes,367
0x006691E0,AudioVisual,UpgradeEliteSound,0x22C,sound_idx,yes,375
0x006691E0,AudioVisual,VoiceIFVRepair,0x230,sound_idx,yes,383
0x006691E0,AudioVisual,SlavesFreeSound,0x234,sound_idx,yes,391
0x006691E0,AudioVisual,SlaveMinerDeploySound,0x238,sound_idx,yes,399
0x006691E0,AudioVisual,SlaveMinerUndeploySound,0x23C,sound_idx,yes,407
0x006691E0,AudioVisual,BunkerWallsUpSound,0x240,sound_idx,yes,415
0x006691E0,AudioVisual,BunkerWallsDownSound,0x244,sound_idx,yes,423
0x006691E0,AudioVisual,RepairBridgeSound,0x248,sound_idx,yes,431
0x006691E0,AudioVisual,PsychicDominatorActivateSound,0x24C,sound_idx,yes,439
0x006691E0,AudioVisual,GeneticMutatorActivateSound,0x250,sound_idx,yes,447
0x006691E0,AudioVisual,PsychicRevealActivateSound,0x254,sound_idx,yes,455
0x006691E0,AudioVisual,MasterMindOverloadDeathSound,0x258,sound_idx,yes,463
0x006691E0,AudioVisual,AirstrikeAbortSound,0x25C,sound_idx,yes,471
0x006691E0,AudioVisual,AirstrikeAttackVoice,0x260,sound_idx,yes,479
0x006691E0,AudioVisual,MindClearedSound,0x264,sound_idx,yes,487
0x006691E0,AudioVisual,EnterGrinderSound,0x268,sound_idx,yes,495
0x006691E0,AudioVisual,LeaveGrinderSound,0x26C,sound_idx,yes,503
0x006691E0,AudioVisual,EnterBioReactorSound,0x270,sound_idx,yes,511
0x006691E0,AudioVisual,LeaveBioReactorSound,0x274,sound_idx,yes,519
0x006691E0,AudioVisual,ActivateSound,0x278,sound_idx,yes,527
0x006691E0,AudioVisual,DeactivateSound,0x27C,sound_idx,yes,535
0x006691E0,AudioVisual,SpyPlaneCamera,0x280,sound_idx,yes,543
0x006691E0,AudioVisual,LetsDoTheTimeWarpOutAgain,0x284,sound_idx,yes,551
0x006691E0,AudioVisual,LetsDoTheTimeWarpInAgain,0x288,sound_idx,yes,559
0x006691E0,AudioVisual,DiskLaserChargeUp,0x28C,sound_idx,yes,567
0x006691E0,AudioVisual,SpyPlaneCameraFrames,0x290,int,yes,574
0x006691E0,AudioVisual,CreateUnitSound,0x178,sound_idx,yes,578
0x006691E0,AudioVisual,CreateInfantrySound,0x17C,sound_idx,yes,586
0x006691E0,AudioVisual,CreateAircraftSound,0x180,sound_idx,yes,594
0x006691E0,AudioVisual,IFVTransformSound,0x1B4,sound_idx,yes,602
0x006691E0,AudioVisual,PsychicSensorDetectSound,0x1B8,sound_idx,yes,610
0x006691E0,AudioVisual,SpySatActivationSound,0x220,sound_idx,yes,618
0x006691E0,AudioVisual,SpySatDeactivationSound,0x224,sound_idx,yes,626
0x006691E0,AudioVisual,&PTR_LAB_00676940_4_0083a5cc,0x294,AnimType*,yes,634
0x006691E0,AudioVisual,AtmosphereEntry,0x354,AnimType*,yes,642
0x006691E0,AudioVisual,GateUp,0x404,sound_idx,yes,650
0x006691E0,AudioVisual,GateDown,0x408,sound_idx,yes,657
0x006691E0,AudioVisual,ShroudGrow,0x17F0,bool,yes,663
0x006691E0,AudioVisual,ScrollMultiplier,0x5B8,double,yes,667
0x006691E0,AudioVisual,ShakeScreen,0x5C8,int,yes,671
0x006691E0,AudioVisual,CloakSound,0x6A0,sound_idx,yes,674
0x006691E0,AudioVisual,SellSound,0x6A4,sound_idx,yes,681
0x006691E0,AudioVisual,GameClosed,0x6A8,sound_idx,yes,688
0x006691E0,AudioVisual,IncomingMessage,0x6AC,sound_idx,yes,695
0x006691E0,AudioVisual,MessageCharTyped,0x6C4,sound_idx,yes,703
0x006691E0,AudioVisual,SystemError,0x6B0,sound_idx,yes,711
0x006691E0,AudioVisual,OptionsChanged,0x6B4,sound_idx,yes,718
0x006691E0,AudioVisual,GameForming,0x6B8,sound_idx,yes,726
0x006691E0,AudioVisual,PlayerLeft,0x6BC,sound_idx,yes,733
0x006691E0,AudioVisual,PlayerJoined,0x6C0,sound_idx,yes,740
0x006691E0,AudioVisual,Construction,0x6C8,sound_idx,yes,752
0x006691E0,AudioVisual,BuildingDieSound,0x6E8,sound_idx,yes,778
0x006691E0,AudioVisual,BuildingSlam,0x6EC,sound_idx,yes,786
0x006691E0,AudioVisual,RadarOn,0x6F0,sound_idx,yes,794
0x006691E0,AudioVisual,RadarOff,0x6F4,sound_idx,yes,801
0x006691E0,AudioVisual,MovieOn,0x6F8,sound_idx,yes,808
0x006691E0,AudioVisual,MovieOff,0x6FC,sound_idx,yes,815
0x006691E0,AudioVisual,ScoldSound,0x700,sound_idx,yes,822
0x006691E0,AudioVisual,TeslaCharge,0x704,sound_idx,yes,829
0x006691E0,AudioVisual,TeslaZap,0x708,sound_idx,yes,836
0x006691E0,AudioVisual,BuildingDamageSound,0x714,sound_idx,yes,843
0x006691E0,AudioVisual,ChuteSound,0x71C,sound_idx,yes,851
0x006691E0,AudioVisual,GenericClick,0x70C,sound_idx,yes,858
0x006691E0,AudioVisual,GenericBeep,0x710,sound_idx,yes,866
0x006691E0,AudioVisual,BuildingDrop,0x7C0,sound_idx,yes,873
0x006691E0,AudioVisual,StopSound,0x720,sound_idx,yes,881
0x006691E0,AudioVisual,GuardSound,0x724,sound_idx,yes,888
0x006691E0,AudioVisual,ScatterSound,0x728,sound_idx,yes,895
0x006691E0,AudioVisual,StormSound,0x730,sound_idx,yes,907
0x006691E0,AudioVisual,ShellButtonSlideSound,0x750,sound_idx,yes,930
0x006691E0,AudioVisual,TreeFire,0xBA0,AnimType*,yes,937
0x006691E0,AudioVisual,OnFire,0xB8C,AnimType*,yes,965
0x006691E0,AudioVisual,Smoke,0xBAC,AnimType*,yes,990
0x006691E0,AudioVisual,Smoke,0xBB0,AnimType*,yes,997
0x006691E0,AudioVisual,EliteFlashTimer,0xBE8,int,yes,1003
0x006691E0,AudioVisual,SmallFire,0xBDC,AnimType*,yes,1006
0x006691E0,AudioVisual,LargeFire,0xBE0,AnimType*,yes,1014
0x006691E0,AudioVisual,AllyReveal,0x17E7,bool,yes,1020
0x006691E0,AudioVisual,ConditionRed,0x1708,double,yes,1026
0x006691E0,AudioVisual,ConditionYellow,0x1700,double,yes,1030
0x006691E0,AudioVisual,DropZoneRadius,0x14BC,range,yes,1034
0x006691E0,AudioVisual,EnemyHealth,0x17E6,bool,yes,1037
0x006691E0,AudioVisual,Gravity,0x16B8,int,yes,1041
0x006691E0,AudioVisual,IdleActionFrequency,0x1710,double,yes,1043
0x006691E0,AudioVisual,MessageDelay,0x14C0,double,yes,1047
0x006691E0,AudioVisual,MovieTime,0x1770,double,yes,1051
0x006691E0,AudioVisual,NamedCivilians,0x17EA,bool,yes,1055
0x006691E0,AudioVisual,SavourDelay,0x14C8,double,yes,1059
0x006691E0,AudioVisual,ShroudRate,0x1640,double,yes,1063
0x006691E0,AudioVisual,FogRate,0x1648,double,yes,1067
0x006691E0,AudioVisual,VeinGrowthRate,0x1658,double,yes,1071
0x006691E0,AudioVisual,IceGrowthRate,0x1650,double,yes,1076
0x006691E0,AudioVisual,IceSolidifyFrameTime,0x1660,int,yes,1083
0x006691E0,AudioVisual,AmbientChangeRate,0x1668,double,yes,1100
0x006691E0,AudioVisual,AmbientChangeStep,0x1670,double,yes,1104
0x006691E0,AudioVisual,SpeakDelay,0x16A8,double,yes,1108
0x006691E0,AudioVisual,TimerWarning,0x1680,double,yes,1112
0x006691E0,AudioVisual,ExtraUnitLight,0x17D4,double,yes,1117
0x006691E0,AudioVisual,ExtraInfantryLight,0x17D8,double,yes,1121
0x006691E0,AudioVisual,ExtraAircraftLight,0x17DC,double,yes,1125
0x006691E0,AudioVisual,LocalRadarColor,0x1860,colorrgb,yes,1129
0x006691E0,AudioVisual,LineTrailColorOverride,0x1863,colorrgb,yes,1135
0x006691E0,AudioVisual,ChronoBeamColor,0x1866,colorrgb,yes,1141
0x006691E0,AudioVisual,MagnaBeamColor,0x1869,colorrgb,yes,1147
0x006691E0,AudioVisual,OreTwinkleChance,0x186C,int,yes,1152
0x006691E0,AudioVisual,LaserTargetColor,0x18A4,int,yes,1155
0x006691E0,AudioVisual,IronCurtainColor,0x18A8,int,yes,1158
0x006691E0,AudioVisual,BerserkColor,0x18AC,int,yes,1161
0x006691E0,AudioVisual,ForceShieldColor,0x18B0,int,yes,1163
0x006691E0,AudioVisual,DirectRockingCoefficient,0x18B4,double,yes,1166
0x006691E0,AudioVisual,FallBackCoefficient,0x18B8,double,yes,1170
0x0066BBB0,CombatDamage,AmmoCrateDamage,0xC,int,yes,42
0x0066BBB0,CombatDamage,IonCannonDamage,0x490,int,yes,47
0x0066BBB0,CombatDamage,RailgunDamageRadius,0x494,int,yes,52
0x0066BBB0,CombatDamage,TiberiumExplosionDamage,0x568,int,yes,57
0x0066BBB0,CombatDamage,TiberiumStrength,0x56C,int,yes,62
0x0066BBB0,CombatDamage,Scorches,0x7C4,string,yes,69
0x0066BBB0,CombatDamage,Scorches1,0x7E0,string,yes,114
0x0066BBB0,CombatDamage,Scorches2,0x7FC,string,yes,159
0x0066BBB0,CombatDamage,Scorches3,0x818,string,yes,204
0x0066BBB0,CombatDamage,Scorches4,0x834,string,yes,249
0x0066BBB0,CombatDamage,SplashList,0xBC0,string,yes,294
0x0066BBB0,CombatDamage,FlameDamage,0xF84,WarheadType*,yes,340
0x0066BBB0,CombatDamage,FlameDamage2,0xF88,WarheadType*,yes,352
0x0066BBB0,CombatDamage,C4Warhead,0xFA8,WarheadType*,yes,364
0x0066BBB0,CombatDamage,CrushWarhead,0xFAC,WarheadType*,yes,376
0x0066BBB0,CombatDamage,V3Warhead,0xFB0,WarheadType*,yes,388
0x0066BBB0,CombatDamage,DMislWarhead,0xFB4,WarheadType*,yes,400
0x0066BBB0,CombatDamage,V3EliteWarhead,0xFB8,WarheadType*,yes,412
0x0066BBB0,CombatDamage,DMislEliteWarhead,0xFBC,WarheadType*,yes,424
0x0066BBB0,CombatDamage,CMislWarhead,0xFC0,WarheadType*,yes,436
0x0066BBB0,CombatDamage,CMislEliteWarhead,0xFC4,WarheadType*,yes,447
0x0066BBB0,CombatDamage,IvanWarhead,0xFC8,WarheadType*,yes,459
0x0066BBB0,CombatDamage,CanDetonateTimeBomb,0xFD4,bool,yes,469
0x0066BBB0,CombatDamage,CanDetonateDeathBomb,0xFD5,bool,yes,476
0x0066BBB0,CombatDamage,DeathWeapon,0xFDC,WeaponType*,yes,484
0x0066BBB0,CombatDamage,IvanDamage,0xFCC,int,yes,493
0x0066BBB0,CombatDamage,IvanTimedDelay,0xFD0,int,yes,498
0x0066BBB0,CombatDamage,IvanIconFlickerRate,0xFD8,int,yes,509
0x0066BBB0,CombatDamage,IronCurtainDuration,0xFE8,int,yes,514
0x0066BBB0,CombatDamage,PsychicRevealRadius,0xFEC,int,yes,519
0x0066BBB0,CombatDamage,OccupyDamageMultiplier,0xF40,double,yes,525
0x0066BBB0,CombatDamage,OccupyROFMultiplier,0xF44,double,yes,531
0x0066BBB0,CombatDamage,OccupyWeaponRange,0xF48,int,yes,536
0x0066BBB0,CombatDamage,BunkerDamageMultiplier,0xF4C,double,yes,542
0x0066BBB0,CombatDamage,BunkerROFMultiplier,0xF50,double,yes,548
0x0066BBB0,CombatDamage,BunkerWeaponRangeBonus,0xF54,int,yes,553
0x0066BBB0,CombatDamage,OpenToppedDamageMultiplier,0xF58,double,yes,559
0x0066BBB0,CombatDamage,OpenToppedRangeBonus,0xF5C,int,yes,564
0x0066BBB0,CombatDamage,OpenToppedWarpDistance,0xF60,int,yes,569
0x0066BBB0,CombatDamage,OverloadCount,0xEF8,int[3],yes,576
0x0066BBB0,CombatDamage,OverloadDamage,0xF14,int[3],yes,592
0x0066BBB0,CombatDamage,OverloadFrames,0xF30,int[3],yes,608
0x0066BBB0,CombatDamage,MindControlAttackLineFrames,0x310,int,yes,623
0x0066BBB0,CombatDamage,DrainAnimationType,0x31C,AnimType*,yes,631
0x0066BBB0,CombatDamage,DrainMoneyFrameDelay,0x314,int,yes,640
0x0066BBB0,CombatDamage,DrainMoneyAmount,0x318,int,yes,645
0x0066BBB0,CombatDamage,FallingDamageMultiplier,0xF64,double,yes,651
0x0066BBB0,CombatDamage,CurrentStrengthDamage,0xF68,bool,yes,658
0x0066BBB0,CombatDamage,ControlledAnimationType,0x320,AnimType*,yes,666
0x0066BBB0,CombatDamage,PermaControlledAnimationType,0x324,AnimType*,yes,678
0x0066BBB0,CombatDamage,IonCannonWarhead,0xFF0,WarheadType*,yes,690
0x0066BBB0,CombatDamage,DefaultLargeGreySmokeSystem,0x1018,string,yes,702
0x0066BBB0,CombatDamage,DefaultSmallGreySmokeSystem,0x101C,string,yes,714
0x0066BBB0,CombatDamage,DefaultSparkSystem,0x1020,string,yes,726
0x0066BBB0,CombatDamage,DefaultLargeRedSmokeSystem,0x1024,string,yes,738
0x0066BBB0,CombatDamage,DefaultSmallRedSmokeSystem,0x1028,string,yes,750
0x0066BBB0,CombatDamage,DefaultDebrisSmokeSystem,0x102C,string,yes,762
0x0066BBB0,CombatDamage,DefaultFireStreamSystem,0x1030,string,yes,774
0x0066BBB0,CombatDamage,DefaultTestParticleSystem,0x1034,string,yes,786
0x0066BBB0,CombatDamage,DefaultRepairParticleSystem,0x1038,string,yes,798
0x0066BBB0,CombatDamage,BerzerkAllowed,0x41,bool,yes,808
0x0066BBB0,CombatDamage,TurboBoost,0x1098,double,yes,814
0x0066BBB0,CombatDamage,AtomDamage,0x1530,int,yes,819
0x0066BBB0,CombatDamage,BallisticScatter,0x1734,range,yes,824
0x0066BBB0,CombatDamage,BridgeStrength,0x1740,int,yes,829
0x0066BBB0,CombatDamage,C4Delay,0x1750,double,yes,835
0x0066BBB0,CombatDamage,Crush,0x1728,range,yes,840
0x0066BBB0,CombatDamage,ExpSpread,0x1428,double,yes,846
0x0066BBB0,CombatDamage,FireSupress,0x1430,range,yes,851
0x0066BBB0,CombatDamage,HomingScatter,0x1730,range,yes,856
0x0066BBB0,CombatDamage,MaxDamage,0x16C8,int,yes,861
0x0066BBB0,CombatDamage,MinDamage,0x16C4,int,yes,866
0x0066BBB0,CombatDamage,TiberiumExplosive,0x17E5,bool,yes,872
0x0066BBB0,CombatDamage,PlayerAutoCrush,0x17EB,bool,yes,879
0x0066BBB0,CombatDamage,PlayerReturnFire,0x17EC,bool,yes,886
0x0066BBB0,CombatDamage,PlayerScatter,0x17ED,bool,yes,892
0x0066BBB0,CombatDamage,TreeTargeting,0x17E9,bool,yes,898
0x0066BBB0,CombatDamage,Incoming,0x16C0,speed,yes,903
0x0066BBB0,CombatDamage,CollapseChance,0x17CC,int,yes,908
0x00668FB0,SpecialWeapons,NukeWarhead,0xF8C,WarheadType*,yes,15
0x00668FB0,SpecialWeapons,NukeProjectile,0xF90,string,yes,23
0x00668FB0,SpecialWeapons,NukeDown,0xF94,string,yes,31
0x00668FB0,SpecialWeapons,MutateWarhead,0xF98,WarheadType*,yes,38
0x00668FB0,SpecialWeapons,MutateExplosionWarhead,0xF9C,WarheadType*,yes,46
0x00668FB0,SpecialWeapons,EMPulseWarhead,0xFA0,WarheadType*,yes,54
0x00668FB0,SpecialWeapons,EMPulseProjectile,0xFA4,string,yes,62
0x0066B900,CrateRules,FreeMCV,0x40,bool,yes,15
0x0066B900,CrateRules,WoodCrateImg,0xF8,OverlayType*,yes,20
0x0066B900,CrateRules,CrateImg,0xFC,OverlayType*,yes,28
0x0066B900,CrateRules,WaterCrateImg,0x100,OverlayType*,yes,35
0x0066B900,CrateRules,HealCrateSound,0x718,sound_idx,yes,43
0x0066B900,CrateRules,CrateMinimum,0x1470,int,yes,50
0x0066B900,CrateRules,CrateMaximum,0x1474,int,yes,53
0x0066B900,CrateRules,CrateRadius,0x172C,range,yes,56
0x0066B900,CrateRules,CrateRegen,0x1678,double,yes,60
0x0066B900,CrateRules,UnitCrateType,0x1148,string,yes,66
0x0066B900,CrateRules,SoloCrateMoney,0x1140,int,yes,73
0x0066CF70,Radiation,RadDurationMultiple,0x1804,int,yes,16
0x0066CF70,Radiation,RadApplicationDelay,0x1808,int,yes,19
0x0066CF70,Radiation,RadLevelMax,0x180C,int,yes,22
0x0066CF70,Radiation,RadLevelDelay,0x1810,int,yes,25
0x0066CF70,Radiation,RadLightDelay,0x1814,int,yes,28
0x0066CF70,Radiation,RadLevelFactor,0x1818,double,yes,31
0x0066CF70,Radiation,RadLightFactor,0x1820,double,yes,35
0x0066CF70,Radiation,RadTintFactor,0x1828,double,yes,39
0x0066CF70,Radiation,RadColor,0x1830,colorrgb,yes,44
0x0066CF70,Radiation,RadSiteWarhead,0x1834,WarheadType*,yes,50
0x00674240,IQ,MaxIQLevels,0x1434,int,yes,10
0x00674240,IQ,SuperWeapons,0x1438,int,yes,13
0x00674240,IQ,Production,0x143C,int,yes,16
0x00674240,IQ,GuardArea,0x1440,int,yes,19
0x00674240,IQ,RepairSell,0x1444,int,yes,22
0x00674240,IQ,AutoCrush,0x1448,int,yes,25
0x00674240,IQ,Scatter,0x144C,int,yes,28
0x00674240,IQ,ContentScan,0x1450,int,yes,31
0x00674240,IQ,Aircraft,0x1454,int,yes,34
0x00674240,IQ,Harvester,0x1458,int,yes,37
0x00674240,IQ,SellBack,0x145C,int,yes,40
0x00671EA0,MultiplayerDialogSettings,MinMoney,0x1480,int,yes,11
0x00671EA0,MultiplayerDialogSettings,Money,0x1484,int,yes,14
0x00671EA0,MultiplayerDialogSettings,MaxMoney,0x1488,int,yes,17
0x00671EA0,MultiplayerDialogSettings,MoneyIncrement,0x148C,int,yes,20
0x00671EA0,MultiplayerDialogSettings,MinUnitCount,0x1490,int,yes,23
0x00671EA0,MultiplayerDialogSettings,UnitCount,0x1494,int,yes,26
0x00671EA0,MultiplayerDialogSettings,MaxUnitCount,0x1498,int,yes,29
0x00671EA0,MultiplayerDialogSettings,TechLevel,0x149C,int,yes,32
0x00671EA0,MultiplayerDialogSettings,GameSpeed,0x14A0,int,yes,35
0x00671EA0,MultiplayerDialogSettings,AIDifficulty,0x14A4,int,yes,38
0x00671EA0,MultiplayerDialogSettings,AIPlayers,0x14A8,int,yes,41
0x00671EA0,MultiplayerDialogSettings,BridgeDestruction,0x14AC,bool,yes,44
0x00671EA0,MultiplayerDialogSettings,ShadowGrow,0x14AD,bool,yes,48
0x00671EA0,MultiplayerDialogSettings,Shroud,0x14AE,bool,yes,52
0x00671EA0,MultiplayerDialogSettings,Bases,0x14AF,bool,yes,56
0x00671EA0,MultiplayerDialogSettings,TiberiumGrows,0x14B0,bool,yes,60
0x00671EA0,MultiplayerDialogSettings,Crates,0x14B1,bool,yes,64
0x00671EA0,MultiplayerDialogSettings,CaptureTheFlag,0x14B2,bool,yes,68
0x00671EA0,MultiplayerDialogSettings,HarvesterTruce,0x14B3,bool,yes,72
0x00671EA0,MultiplayerDialogSettings,MultiEngineer,0x14B4,bool,yes,76
0x00671EA0,MultiplayerDialogSettings,AlliesAllowed,0x14B5,bool,yes,80
0x00671EA0,MultiplayerDialogSettings,AllyChangeAllowed,0x14BB,bool,yes,84
0x00671EA0,MultiplayerDialogSettings,ShortGame,0x14B6,bool,yes,88
0x00671EA0,MultiplayerDialogSettings,SuperWeaponsAllowed,0x14B9,bool,yes,92
0x00671EA0,MultiplayerDialogSettings,BuildOffAlly,0x14BA,bool,yes,96
0x00671EA0,MultiplayerDialogSettings,FogOfWar,0x14B7,bool,yes,100
0x00671EA0,MultiplayerDialogSettings,MCVRedeploys,0x14B8,bool,yes,104
0x00672AE0,AI,BuildConst,0x8AC,string,yes,37
0x00672AE0,AI,BuildPower,0x8C8,string,yes,88
0x00672AE0,AI,BuildRefinery,0x8E4,string,yes,137
0x00672AE0,AI,BuildBarracks,0x900,string,yes,186
0x00672AE0,AI,BuildTech,0x91C,string,yes,235
0x00672AE0,AI,BuildWeapons,0x938,string,yes,281
0x00672AE0,AI,AlliedBaseDefenses,0x954,string,yes,327
0x00672AE0,AI,SovietBaseDefenses,0x970,string,yes,373
0x00672AE0,AI,ThirdBaseDefenses,0x98C,string,yes,419
0x00672AE0,AI,AIForcePredictionFudge,0x9C0,int[3],yes,464
0x00672AE0,AI,BuildDefense,0x9C4,string,yes,478
0x00672AE0,AI,BuildPDefense,0x9E0,string,yes,524
0x00672AE0,AI,BuildAA,0x9FC,string,yes,570
0x00672AE0,AI,BuildHelipad,0xA18,string,yes,616
0x00672AE0,AI,BuildRadar,0xA34,string,yes,662
0x00672AE0,AI,ConcreteWalls,0xA50,string,yes,708
0x00672AE0,AI,AttackInterval,0x10A0,double,yes,805
0x00672AE0,AI,AttackDelay,0x10A8,double,yes,812
0x00672AE0,AI,PatrolScan,0x1150,double,yes,819
0x00672AE0,AI,CreditReserve,0x1758,int,yes,825
0x00672AE0,AI,PathDelay,0x1760,double,yes,832
0x00672AE0,AI,BlockagePathDelay,0x1768,int,yes,838
0x00672AE0,AI,AutocreateTime,0x1510,double,yes,845
0x00672AE0,AI,InfantryReserve,0x1138,int,yes,851
0x00672AE0,AI,InfantryBaseMult,0x113C,int,yes,857
0x00672AE0,AI,PowerSurplus,0x1134,int,yes,863
0x00672AE0,AI,BaseSizeAdd,0x1130,int,yes,869
0x00672AE0,AI,RefineryRatio,0x1128,double,yes,876
0x00672AE0,AI,RefineryLimit,0x1124,int,yes,882
0x00672AE0,AI,BarracksRatio,0x1118,double,yes,889
0x00672AE0,AI,BarracksLimit,0x1120,int,yes,895
0x00672AE0,AI,WarRatio,0x1108,double,yes,902
0x00672AE0,AI,WarLimit,0x1110,int,yes,908
0x00672AE0,AI,DefenseRatio,0x10F8,double,yes,915
0x00672AE0,AI,DefenseLimit,0x1100,int,yes,921
0x00672AE0,AI,AARatio,0x10E8,double,yes,928
0x00672AE0,AI,AALimit,0x10F0,int,yes,934
0x00672AE0,AI,TeslaRatio,0x10D8,double,yes,941
0x00672AE0,AI,TeslaLimit,0x10E0,int,yes,947
0x00672AE0,AI,HelipadRatio,0x10C8,double,yes,954
0x00672AE0,AI,HelipadLimit,0x10D0,int,yes,960
0x00672AE0,AI,AirstripRatio,0x10B8,double,yes,967
0x00672AE0,AI,AirstripLimit,0x10C0,int,yes,973
0x00672AE0,AI,CompEasyBonus,0x17E3,bool,yes,980
0x00672AE0,AI,Paranoid,0x17E0,bool,yes,987
0x00672AE0,AI,PowerEmergency,0x10B0,double,yes,994
0x00672AE0,AI,AIBaseSpacing,0x1460,int,yes,1000
0x00672AE0,AI,GDIWallDefense,0xAF8,double,yes,1007
0x00672AE0,AI,GDIWallDefenseCoefficient,0xB00,double,yes,1014
0x00672AE0,AI,NodBaseDefenseCoefficient,0xB08,double,yes,1021
0x00672AE0,AI,GDIBaseDefenseCoefficient,0xB10,double,yes,1028
0x00672AE0,AI,MaximumBaseDefenseValue,0xB1C,int,yes,1034
0x00672AE0,AI,ComputerBaseDefenseResponse,0xB18,int,yes,1040
0x0066D150,ElevationModel,ElevationIncrement,0x1838,int,yes,12
0x0066D150,ElevationModel,ElevationIncrementBonus,0x1840,double,yes,15
0x0066D150,ElevationModel,ElevationBonusCap,0x1848,double,yes,20
0x0066D1F0,WallModel,AlliedWallTransparency,0x1850,bool,yes,11
0x0066D1F0,WallModel,WallPenetratorThreshold,0x1858,double,yes,15
0x006743D0,JumpjetControls,TurnRate,0x40C,int,yes,11
0x006743D0,JumpjetControls,Speed,0x410,int,yes,14
0x006743D0,JumpjetControls,Climb,0x418,double,yes,17
0x006743D0,JumpjetControls,CruiseHeight,0x420,int,yes,21
0x006743D0,JumpjetControls,Acceleration,0x428,double,yes,24
0x006743D0,JumpjetControls,WobblesPerSecond,0x430,double,yes,28
0x006743D0,JumpjetControls,WobbleDeviation,0x438,int,yes,32
